/*
SQLyog Ultimate v10.00 Beta1
MySQL - 5.6.17 : Database - psarnetwork_db
*********************************************************************
*/

/*!40101 SET NAMES utf8 */;

/*!40101 SET SQL_MODE=''*/;

/*!40014 SET @OLD_UNIQUE_CHECKS=@@UNIQUE_CHECKS, UNIQUE_CHECKS=0 */;
/*!40014 SET @OLD_FOREIGN_KEY_CHECKS=@@FOREIGN_KEY_CHECKS, FOREIGN_KEY_CHECKS=0 */;
/*!40101 SET @OLD_SQL_MODE=@@SQL_MODE, SQL_MODE='NO_AUTO_VALUE_ON_ZERO' */;
/*!40111 SET @OLD_SQL_NOTES=@@SQL_NOTES, SQL_NOTES=0 */;
CREATE DATABASE /*!32312 IF NOT EXISTS*/`psarnetwork_db` /*!40100 DEFAULT CHARACTER SET utf8 */;

USE `psarnetwork_db`;

/*Table structure for table `account_role` */

DROP TABLE IF EXISTS `account_role`;

CREATE TABLE `account_role` (
  `rol_id` int(11) NOT NULL AUTO_INCREMENT,
  `rol_name_en` varchar(255) DEFAULT NULL,
  `rol_name_km` varchar(255) DEFAULT NULL,
  `acc_type_id` int(11) DEFAULT NULL,
  PRIMARY KEY (`rol_id`)
) ENGINE=InnoDB AUTO_INCREMENT=6 DEFAULT CHARSET=utf8;

/*Data for the table `account_role` */

insert  into `account_role`(`rol_id`,`rol_name_en`,`rol_name_km`,`acc_type_id`) values (1,'Manufacturer','ដកសលដកថលសថ',0),(2,'Supplier',NULL,0),(3,'Distributor',NULL,0),(4,'Retailer',NULL,0),(5,'Individual','បាននា​ន',NULL);

/*Table structure for table `account_role_taxonomy` */

DROP TABLE IF EXISTS `account_role_taxonomy`;

CREATE TABLE `account_role_taxonomy` (
  `rol_tax_id` int(11) NOT NULL AUTO_INCREMENT,
  `rol_id` int(11) DEFAULT NULL,
  `acc_type_id` int(11) DEFAULT NULL,
  PRIMARY KEY (`rol_tax_id`)
) ENGINE=InnoDB DEFAULT CHARSET=utf8;

/*Data for the table `account_role_taxonomy` */

/*Table structure for table `account_type` */

DROP TABLE IF EXISTS `account_type`;

CREATE TABLE `account_type` (
  `id` int(11) NOT NULL AUTO_INCREMENT,
  `name` varchar(100) DEFAULT NULL,
  PRIMARY KEY (`id`)
) ENGINE=InnoDB AUTO_INCREMENT=3 DEFAULT CHARSET=utf8;

/*Data for the table `account_type` */

insert  into `account_type`(`id`,`name`) values (1,'Free'),(2,'Enterprise');

/*Table structure for table `adv_page` */

DROP TABLE IF EXISTS `adv_page`;

CREATE TABLE `adv_page` (
  `id` int(11) NOT NULL AUTO_INCREMENT,
  `name` varchar(100) DEFAULT NULL,
  PRIMARY KEY (`id`)
) ENGINE=InnoDB AUTO_INCREMENT=10 DEFAULT CHARSET=utf8;

/*Data for the table `adv_page` */

insert  into `adv_page`(`id`,`name`) values (1,'Home page'),(2,'Category Page'),(3,'Page Detail'),(4,'Market Place'),(5,'Market Place Detail'),(6,'Interprise-page'),(7,'Free-user page'),(8,'Register'),(9,'Login');

/*Table structure for table `adv_page_position_mm` */

DROP TABLE IF EXISTS `adv_page_position_mm`;

CREATE TABLE `adv_page_position_mm` (
  `id` int(11) NOT NULL AUTO_INCREMENT,
  `adv_page_id` int(11) NOT NULL,
  `adv_position_id` int(11) NOT NULL,
  PRIMARY KEY (`id`)
) ENGINE=InnoDB AUTO_INCREMENT=39 DEFAULT CHARSET=utf8;

/*Data for the table `adv_page_position_mm` */

insert  into `adv_page_position_mm`(`id`,`adv_page_id`,`adv_position_id`) values (1,1,1),(2,1,2),(3,1,3),(4,1,4),(5,1,5),(6,1,6),(7,1,7),(8,1,8),(9,1,9),(10,1,10),(11,2,2),(12,2,3),(13,2,4),(14,2,5),(15,2,6),(16,2,7),(17,2,8),(18,2,9),(19,2,10),(20,3,2),(21,3,3),(22,3,4),(23,3,5),(24,4,2),(25,4,3),(26,4,5),(27,4,8),(28,4,9),(29,4,10),(30,5,11),(31,5,4),(32,5,5),(33,5,6),(34,5,7),(35,6,4),(36,7,4),(37,8,4),(38,9,4);

/*Table structure for table `adv_position` */

DROP TABLE IF EXISTS `adv_position`;

CREATE TABLE `adv_position` (
  `id` int(11) NOT NULL AUTO_INCREMENT,
  `name` varchar(200) DEFAULT NULL,
  `adv_page_id` int(11) DEFAULT NULL,
  PRIMARY KEY (`id`)
) ENGINE=InnoDB AUTO_INCREMENT=13 DEFAULT CHARSET=utf8;

/*Data for the table `adv_position` */

insert  into `adv_position`(`id`,`name`,`adv_page_id`) values (1,'Slide Show',NULL),(2,'Top',NULL),(3,'Buttom',NULL),(4,'V-Left-Meduim',NULL),(5,'V-Right-Meduim',NULL),(6,'V-Left-Samll',NULL),(7,'V-Right-Samll',NULL),(8,'H-Midlle-top-Large',NULL),(9,'H-Middle-centre-Large',NULL),(10,'H-Middle-Buttom-Large',NULL),(11,'Market-Slide-Show',NULL),(12,'H-Top-Meduim',NULL);

/*Table structure for table `advertisement` */

DROP TABLE IF EXISTS `advertisement`;

CREATE TABLE `advertisement` (
  `id` int(11) NOT NULL AUTO_INCREMENT,
  `title_en` varchar(200) DEFAULT NULL,
  `title_km` varchar(250) NOT NULL,
  `description_en` text,
  `description_km` text NOT NULL,
  `image` varchar(200) DEFAULT NULL,
  `link_url` varchar(200) DEFAULT NULL,
  `started_date` varchar(100) DEFAULT NULL,
  `end_date` varchar(100) DEFAULT NULL,
  `user_id` int(11) DEFAULT NULL,
  `incharger` int(11) NOT NULL,
  `pro_cat_id` int(11) DEFAULT '0',
  `size` int(11) NOT NULL,
  `type` int(11) NOT NULL,
  `status` int(11) DEFAULT NULL,
  `apearance` int(11) NOT NULL,
  `to_page` varchar(255) DEFAULT NULL,
  `adv_position_id` int(11) NOT NULL,
  `adv_cat_page_id` int(11) NOT NULL,
  `adv_page_id` int(11) DEFAULT NULL,
  `license_id` int(11) NOT NULL,
  `payment_method` int(11) NOT NULL,
  PRIMARY KEY (`id`)
) ENGINE=InnoDB AUTO_INCREMENT=20 DEFAULT CHARSET=utf8;

/*Data for the table `advertisement` */

insert  into `advertisement`(`id`,`title_en`,`title_km`,`description_en`,`description_km`,`image`,`link_url`,`started_date`,`end_date`,`user_id`,`incharger`,`pro_cat_id`,`size`,`type`,`status`,`apearance`,`to_page`,`adv_position_id`,`adv_cat_page_id`,`adv_page_id`,`license_id`,`payment_method`) values (19,'english title','khmer title','Phasellus ullamcorper ipsum rutrum nunc. Praesent egestas tristique nibh. Nullam vel sem. Sed augue ipsum, egestas nec, vestibulum et, malesuada adipiscing, dui. Fusce convallis metus id felis luctus adipiscing.','Aenean massa. Vestibulum rutrum, mi nec elementum vehicula, eros quam gravida nisl, id fringilla neque ante vel mi. Nullam quis ante. Maecenas egestas arcu quis ligula mattis placerat. Etiam iaculis nunc ac metus.','1437487805.jpg','http://vibol.host22.com/','21/07/2015','31/07/2015',18,2,0,30,1,1,0,'',1,1,1,0,1);

/*Table structure for table `advertiser_profile` */

DROP TABLE IF EXISTS `advertiser_profile`;

CREATE TABLE `advertiser_profile` (
  `id` int(11) NOT NULL AUTO_INCREMENT,
  `name` varchar(100) DEFAULT NULL,
  `phone` varchar(100) DEFAULT NULL,
  `email` varchar(100) DEFAULT NULL,
  `address` varchar(100) DEFAULT NULL,
  PRIMARY KEY (`id`)
) ENGINE=InnoDB AUTO_INCREMENT=4 DEFAULT CHARSET=utf8;

/*Data for the table `advertiser_profile` */

insert  into `advertiser_profile`(`id`,`name`,`phone`,`email`,`address`) values (1,'Englishss','097 27 93 573','updoc.year4@gmail.com','PP'),(2,'Englishss','097 27 93 573','updoc.year4@gmail.com','PP'),(3,'KOCH DOEN','097 27 93 573','doeunkoch@gmail.com','PHP');

/*Table structure for table `cat_page_position_mm` */

DROP TABLE IF EXISTS `cat_page_position_mm`;

CREATE TABLE `cat_page_position_mm` (
  `id` int(11) NOT NULL AUTO_INCREMENT,
  `adv_page_id` int(11) NOT NULL,
  `cat_adv_position_id` int(11) NOT NULL,
  PRIMARY KEY (`id`)
) ENGINE=InnoDB AUTO_INCREMENT=16 DEFAULT CHARSET=utf8;

/*Data for the table `cat_page_position_mm` */

insert  into `cat_page_position_mm`(`id`,`adv_page_id`,`cat_adv_position_id`) values (1,1,1),(2,2,1),(3,2,1),(4,3,1),(5,5,1),(6,6,1),(7,7,1),(8,8,1),(9,9,1),(10,1,2),(11,3,2),(12,4,2),(13,5,2),(14,6,2),(15,7,2);

/*Table structure for table `category_adv_position` */

DROP TABLE IF EXISTS `category_adv_position`;

CREATE TABLE `category_adv_position` (
  `id` int(11) NOT NULL AUTO_INCREMENT,
  `name` varchar(250) NOT NULL,
  PRIMARY KEY (`id`)
) ENGINE=InnoDB AUTO_INCREMENT=3 DEFAULT CHARSET=utf8;

/*Data for the table `category_adv_position` */

insert  into `category_adv_position`(`id`,`name`) values (1,'Banner Advertisment'),(2,'Product Advertisment');

/*Table structure for table `client_type` */

DROP TABLE IF EXISTS `client_type`;

CREATE TABLE `client_type` (
  `id` int(11) NOT NULL AUTO_INCREMENT,
  `name_en` varchar(100) DEFAULT NULL,
  `name_km` varchar(255) DEFAULT NULL,
  `account_type_id` int(11) NOT NULL,
  PRIMARY KEY (`id`)
) ENGINE=InnoDB AUTO_INCREMENT=6 DEFAULT CHARSET=utf8;

/*Data for the table `client_type` */

insert  into `client_type`(`id`,`name_en`,`name_km`,`account_type_id`) values (1,'Individual',NULL,1),(2,'Homeshop',NULL,2),(3,'Private company',NULL,2),(4,'Traditional Market','ផ្សារបែបបុរាណ',2),(5,'Supermarket','ផ្សារទំនើប',2);

/*Table structure for table `counter` */

DROP TABLE IF EXISTS `counter`;

CREATE TABLE `counter` (
  `cnt_id` int(11) NOT NULL AUTO_INCREMENT,
  `cnt_page` varchar(255) DEFAULT NULL,
  `cnt_object_id` int(11) DEFAULT NULL,
  `cnt_type` varchar(50) DEFAULT NULL,
  `cnt_ip` varchar(32) DEFAULT NULL,
  `cnt_browser` varchar(255) DEFAULT NULL,
  `cnt_hour` int(2) DEFAULT NULL,
  `cnt_minute` int(2) DEFAULT NULL,
  `cnt_date` datetime DEFAULT NULL,
  `cnt_day` int(2) DEFAULT NULL,
  `cnt_month` int(2) DEFAULT NULL,
  `cnt_year` int(4) DEFAULT NULL,
  `cnt_refferer` varchar(255) DEFAULT NULL,
  PRIMARY KEY (`cnt_id`)
) ENGINE=InnoDB AUTO_INCREMENT=752 DEFAULT CHARSET=utf8;

/*Data for the table `counter` */

insert  into `counter`(`cnt_id`,`cnt_page`,`cnt_object_id`,`cnt_type`,`cnt_ip`,`cnt_browser`,`cnt_hour`,`cnt_minute`,`cnt_date`,`cnt_day`,`cnt_month`,`cnt_year`,`cnt_refferer`) values (1,'page/store-51',51,'page','::1','Google Chrome',4,46,NULL,21,8,2015,'http://localhost/psarnetwork/public/page/store-51/my/detail/21'),(2,'page/store-51',51,'page','::1','Google Chrome',4,46,NULL,21,8,2015,'http://localhost/psarnetwork/public/page/store-51'),(3,'page/store-51',51,'page','::1','Google Chrome',4,46,NULL,21,8,2015,'http://localhost/psarnetwork/public/page/store-51'),(4,'page/store-51/my/detail/21',51,'page','::1','Google Chrome',4,46,NULL,21,8,2015,'192.168.1.100'),(5,'page/store-51/my/detail/21',51,'page','::1','Google Chrome',4,46,NULL,21,8,2015,'192.168.1.100'),(6,'page/store-51/my/detail/21',51,'page','::1','Google Chrome',4,46,NULL,21,8,2015,'192.168.1.100'),(7,'page/store-51/my/detail/21',51,'page','::1','Google Chrome',4,46,NULL,21,8,2015,'192.168.1.100'),(8,'page/store-51/my/detail/21',51,'page','::1','Google Chrome',4,47,NULL,21,8,2015,'192.168.1.100'),(9,'page/store-51/p/175',51,'page','::1','Google Chrome',4,47,NULL,21,8,2015,'http://localhost/psarnetwork/public/page/store-51/my/detail/21'),(10,'page/store-51/search/Computer%20,%20Software,Network,Hardware',51,'page','::1','Google Chrome',4,47,NULL,21,8,2015,'http://localhost/psarnetwork/public/page/store-51/p/175'),(11,'page/store-51/search/Computer-Accessory',51,'page','::1','Google Chrome',4,47,NULL,21,8,2015,'http://localhost/psarnetwork/public/page/store-51/search/Computer%20,%20Software,Network,Hardware'),(12,'page/store-51/search/Case&Towers',51,'page','::1','Google Chrome',4,47,NULL,21,8,2015,'http://localhost/psarnetwork/public/page/store-51/search/Computer-Accessory'),(13,'page/store-51',51,'page','::1','Google Chrome',4,47,NULL,21,8,2015,'http://localhost/psarnetwork/public/page/store-51/search/Case&Towers'),(14,'page/store-51',51,'page','::1','Google Chrome',4,47,NULL,21,8,2015,'http://localhost/psarnetwork/public/page/store-51'),(15,'page/store-51/my/detail/21',51,'page','::1','Google Chrome',4,47,NULL,21,8,2015,'http://localhost/psarnetwork/public/page/store-51'),(16,'page/store-51/my/detail/21',51,'page','::1','Google Chrome',4,48,NULL,21,8,2015,'192.168.1.100'),(17,'page/store-51/my/detail/21',51,'page','::1','Google Chrome',4,48,NULL,21,8,2015,'192.168.1.100'),(18,'page/store-51',51,'page','::1','Google Chrome',4,48,NULL,21,8,2015,'http://localhost/psarnetwork/public/page/store-51/my/detail/21'),(19,'page/store-51/my/detail/21',51,'page','::1','Google Chrome',4,48,NULL,21,8,2015,'http://localhost/psarnetwork/public/page/store-51'),(20,'page/store-51',51,'page','::1','Google Chrome',4,48,NULL,21,8,2015,'http://localhost/psarnetwork/public/page/store-51/my/detail/21'),(21,'page/store-51/my/detail/21',51,'page','::1','Google Chrome',4,48,NULL,21,8,2015,'http://localhost/psarnetwork/public/page/store-51'),(22,'page/store-51',51,'page','::1','Google Chrome',4,48,NULL,21,8,2015,'http://localhost/psarnetwork/public/page/store-51/my/detail/21'),(23,'page/store-51',51,'page','::1','Google Chrome',4,49,NULL,21,8,2015,'http://localhost/psarnetwork/public/page/store-51'),(24,'page/store-51',51,'page','::1','Google Chrome',4,54,NULL,21,8,2015,'192.168.1.100'),(25,'page/store-51',51,'page','::1','Google Chrome',4,57,NULL,21,8,2015,'192.168.1.100'),(26,'page/store-51',51,'page','::1','Google Chrome',4,57,NULL,21,8,2015,'192.168.1.100'),(27,'page/store-51',51,'page','::1','Google Chrome',4,58,NULL,21,8,2015,'192.168.1.100'),(28,'page/store-51',51,'page','::1','Google Chrome',4,58,NULL,21,8,2015,'http://localhost/psarnetwork/public/page/store-51'),(29,'page/store-51/my/detail/21',51,'page','::1','Google Chrome',4,58,NULL,21,8,2015,'http://localhost/psarnetwork/public/page/store-51'),(30,'page/store-51',51,'page','::1','Google Chrome',4,58,NULL,21,8,2015,'http://localhost/psarnetwork/public/page/store-51/my/detail/21'),(31,'page/store-51',51,'page','::1','Google Chrome',5,3,NULL,21,8,2015,'http://localhost/psarnetwork/public/page/store-51'),(32,'page/store-51',51,'page','::1','Google Chrome',5,23,NULL,21,8,2015,'192.168.1.100'),(33,'page/store-51',51,'page','::1','Google Chrome',5,23,NULL,21,8,2015,'192.168.1.100'),(34,'page/store-51',51,'page','::1','Google Chrome',5,24,NULL,21,8,2015,'192.168.1.100'),(35,'page/store-51',51,'page','::1','Google Chrome',7,2,NULL,21,8,2015,'http://localhost/psarnetwork/public/member/userinfo/content'),(36,'page/store-51',51,'page','::1','Google Chrome',7,4,NULL,21,8,2015,'192.168.1.100'),(37,'page/store-51/search/Computer-Accessory',51,'page','::1','Google Chrome',7,4,NULL,21,8,2015,'http://localhost/psarnetwork/public/page/store-51'),(38,'page/store-51',51,'page','::1','Google Chrome',7,4,NULL,21,8,2015,'http://localhost/psarnetwork/public/page/store-51/search/Computer-Accessory'),(39,'page/store-51/search/Computer%20,%20Software,Network,Hardware',51,'page','::1','Google Chrome',7,4,NULL,21,8,2015,'http://localhost/psarnetwork/public/page/store-51'),(40,'page/store-51/search/Computer-Accessory',51,'page','::1','Google Chrome',7,4,NULL,21,8,2015,'http://localhost/psarnetwork/public/page/store-51/search/Computer%20,%20Software,Network,Hardware'),(41,'page/store-51/search/Computer-Component',51,'page','::1','Google Chrome',7,4,NULL,21,8,2015,'http://localhost/psarnetwork/public/page/store-51/search/Computer-Accessory'),(42,'page/store-51',51,'page','::1','Google Chrome',7,4,NULL,21,8,2015,'http://localhost/psarnetwork/public/page/store-51/search/Computer-Component'),(43,'page/store-51/search/Computer-Component',51,'page','::1','Google Chrome',7,4,NULL,21,8,2015,'http://localhost/psarnetwork/public/page/store-51'),(44,'page/store-52',52,'page','::1','Google Chrome',4,42,NULL,22,8,2015,'http://localhost/psarnetwork/public/member/login'),(45,'page/store-52',52,'page','::1','Google Chrome',4,42,NULL,22,8,2015,'http://localhost/psarnetwork/public/page/store-52'),(46,'page/store-52',52,'page','::1','Google Chrome',5,1,NULL,22,8,2015,'http://localhost/psarnetwork/public/products/list'),(47,'page/store-52/my/detail/22',52,'page','::1','Google Chrome',5,1,NULL,22,8,2015,'http://localhost/psarnetwork/public/page/store-52'),(48,'page/store-52/my/detail/22',52,'page','::1','Google Chrome',5,7,NULL,22,8,2015,'192.168.1.102'),(49,'page/store-52',52,'page','::1','Google Chrome',5,7,NULL,22,8,2015,'http://localhost/psarnetwork/public/page/store-52/my/detail/22'),(50,'page/store-52',52,'page','::1','Google Chrome',5,7,NULL,22,8,2015,'192.168.1.102'),(51,'page/store-52',52,'page','::1','Google Chrome',5,10,NULL,22,8,2015,'192.168.1.102'),(52,'page/store-52/my/detail/22',52,'page','::1','Google Chrome',5,11,NULL,22,8,2015,'http://localhost/psarnetwork/public/page/store-52'),(53,'page/store-52/my/detail/22',52,'page','::1','Google Chrome',5,13,NULL,22,8,2015,'192.168.1.102'),(54,'page/store-52/my/detail/22',52,'page','::1','Google Chrome',5,22,NULL,22,8,2015,'192.168.1.102'),(55,'page/store-52',52,'page','::1','Google Chrome',5,23,NULL,22,8,2015,'http://localhost/psarnetwork/public/page/store-52/my/detail/22'),(56,'page/store-52/my/detail/22',52,'page','::1','Google Chrome',5,24,NULL,22,8,2015,'http://localhost/psarnetwork/public/page/store-52'),(57,'page/store-52',52,'page','::1','Google Chrome',5,24,NULL,22,8,2015,'http://localhost/psarnetwork/public/page/store-52/my/detail/22'),(58,'page/store-52',52,'page','::1','Google Chrome',5,27,NULL,22,8,2015,'http://localhost/psarnetwork/public/page/store-52/my/detail/22'),(59,'page/store-52',52,'page','::1','Google Chrome',5,27,NULL,22,8,2015,'http://localhost/psarnetwork/public/page/store-52'),(60,'page/store-52/my/detail/22',52,'page','::1','Google Chrome',5,27,NULL,22,8,2015,'http://localhost/psarnetwork/public/page/store-52'),(61,'page/store-52',52,'page','::1','Google Chrome',5,27,NULL,22,8,2015,'http://localhost/psarnetwork/public/page/store-52/my/detail/22'),(62,'page/store-52',52,'page','::1','Google Chrome',5,30,NULL,22,8,2015,'http://localhost/psarnetwork/public/page/store-52'),(63,'page/store-52',52,'page','::1','Google Chrome',5,30,NULL,22,8,2015,'192.168.1.102'),(64,'page/store-52',52,'page','::1','Google Chrome',5,34,NULL,22,8,2015,'192.168.1.102'),(65,'page/store-52',52,'page','::1','Google Chrome',5,35,NULL,22,8,2015,'192.168.1.102'),(66,'page/store-52',52,'page','::1','Google Chrome',5,36,NULL,22,8,2015,'http://localhost/psarnetwork/public/page/store-52'),(67,'page/store-52',52,'page','::1','Google Chrome',5,39,NULL,22,8,2015,'192.168.1.102'),(68,'page/store-52',52,'page','::1','Google Chrome',5,39,NULL,22,8,2015,'192.168.1.102'),(69,'page/store-52',52,'page','::1','Google Chrome',5,40,NULL,22,8,2015,'192.168.1.102'),(70,'page/store-52',52,'page','::1','Google Chrome',5,40,NULL,22,8,2015,'192.168.1.102'),(71,'page/store-52',52,'page','::1','Google Chrome',5,41,NULL,22,8,2015,'192.168.1.102'),(72,'page/store-52',52,'page','::1','Google Chrome',5,43,NULL,22,8,2015,'192.168.1.102'),(73,'page/store-52',52,'page','::1','Google Chrome',5,44,NULL,22,8,2015,'192.168.1.102'),(74,'page/store-52',52,'page','::1','Google Chrome',5,45,NULL,22,8,2015,'192.168.1.102'),(75,'page/store-52',52,'page','::1','Google Chrome',5,46,NULL,22,8,2015,'192.168.1.102'),(76,'page/store-52',52,'page','::1','Google Chrome',5,46,NULL,22,8,2015,'192.168.1.102'),(77,'page/store-52',52,'page','::1','Google Chrome',5,47,NULL,22,8,2015,'192.168.1.102'),(78,'page/store-52',52,'page','::1','Google Chrome',5,48,NULL,22,8,2015,'192.168.1.102'),(79,'page/store-52',52,'page','::1','Google Chrome',5,49,NULL,22,8,2015,'http://localhost/psarnetwork/public/page/store-52'),(80,'page/store-52',52,'page','::1','Google Chrome',5,50,NULL,22,8,2015,'192.168.1.102'),(81,'page/store-52',52,'page','::1','Google Chrome',5,51,NULL,22,8,2015,'192.168.1.102'),(82,'page/store-52',52,'page','::1','Google Chrome',5,52,NULL,22,8,2015,'192.168.1.102'),(83,'page/store-52',52,'page','::1','Google Chrome',5,52,NULL,22,8,2015,'192.168.1.102'),(84,'page/store-52',52,'page','::1','Google Chrome',6,48,NULL,22,8,2015,'http://localhost/psarnetwork/public/member/userinfo/menu'),(85,'page/store-52',52,'page','::1','Google Chrome',9,16,NULL,22,8,2015,'192.168.1.102'),(86,'page/store-52',52,'page','::1','Google Chrome',9,16,NULL,22,8,2015,'http://localhost/psarnetwork/public/member/login'),(87,'page/store-52',52,'page','::1','Google Chrome',9,19,NULL,22,8,2015,'192.168.1.102'),(88,'page/store-52',52,'page','::1','Google Chrome',9,20,NULL,22,8,2015,'192.168.1.102'),(89,'page/store-52',52,'page','::1','Google Chrome',9,21,NULL,22,8,2015,'192.168.1.102'),(90,'page/store-52',52,'page','::1','Google Chrome',9,23,NULL,22,8,2015,'192.168.1.102'),(91,'page/store-52',52,'page','::1','Google Chrome',9,24,NULL,22,8,2015,'192.168.1.102'),(92,'page/store-52',52,'page','::1','Google Chrome',9,25,NULL,22,8,2015,'192.168.1.102'),(93,'page/store-52/my/detail/22',52,'page','::1','Google Chrome',9,25,NULL,22,8,2015,'http://localhost/psarnetwork/public/page/store-52'),(94,'page/store-52',52,'page','::1','Google Chrome',9,30,NULL,22,8,2015,'192.168.1.102'),(95,'page/store-52',52,'page','::1','Google Chrome',9,30,NULL,22,8,2015,'192.168.1.102'),(96,'page/store-52',52,'page','::1','Google Chrome',9,32,NULL,22,8,2015,'192.168.1.102'),(97,'page/store-52',52,'page','::1','Google Chrome',9,34,NULL,22,8,2015,'192.168.1.102'),(98,'page/store-52',52,'page','::1','Google Chrome',9,38,NULL,22,8,2015,'192.168.1.102'),(99,'page/store-52',52,'page','::1','Google Chrome',9,41,NULL,22,8,2015,'192.168.1.102'),(100,'page/store-52',52,'page','::1','Google Chrome',9,41,NULL,22,8,2015,'192.168.1.102'),(101,'page/store-52',52,'page','::1','Google Chrome',9,43,NULL,22,8,2015,'192.168.1.102'),(102,'page/store-52',52,'page','::1','Google Chrome',9,43,NULL,22,8,2015,'192.168.1.102'),(103,'page/store-52',52,'page','::1','Google Chrome',9,45,NULL,22,8,2015,'192.168.1.102'),(104,'page/store-52/my/detail/22',52,'page','::1','Google Chrome',9,45,NULL,22,8,2015,'http://localhost/psarnetwork/public/page/store-52'),(105,'page/store-52',52,'page','::1','Google Chrome',9,45,NULL,22,8,2015,'http://localhost/psarnetwork/public/page/store-52/my/detail/22'),(106,'page/store-52',52,'page','::1','Google Chrome',9,51,NULL,22,8,2015,'192.168.1.102'),(107,'page/store-52',52,'page','::1','Google Chrome',9,53,NULL,22,8,2015,'192.168.1.102'),(108,'page/store-52',52,'page','::1','Google Chrome',9,53,NULL,22,8,2015,'192.168.1.102'),(109,'page/store-52',52,'page','::1','Google Chrome',9,55,NULL,22,8,2015,'192.168.1.102'),(110,'page/store-52',52,'page','::1','Google Chrome',9,58,NULL,22,8,2015,'192.168.1.102'),(111,'page/store-52',52,'page','::1','Google Chrome',10,1,NULL,22,8,2015,'192.168.1.102'),(112,'page/store-52',52,'page','::1','Google Chrome',10,1,NULL,22,8,2015,'192.168.1.102'),(113,'page/store-52',52,'page','::1','Google Chrome',10,2,NULL,22,8,2015,'192.168.1.102'),(114,'page/store-52',52,'page','::1','Google Chrome',10,3,NULL,22,8,2015,'http://localhost/psarnetwork/public/page/store-52/my/detail/22'),(115,'page/store-52',52,'page','::1','Google Chrome',10,4,NULL,22,8,2015,'192.168.1.102'),(116,'page/store-52',52,'page','::1','Google Chrome',10,5,NULL,22,8,2015,'192.168.1.102'),(117,'page/store-52',52,'page','::1','Google Chrome',10,7,NULL,22,8,2015,'192.168.1.102'),(118,'page/store-52',52,'page','::1','Google Chrome',10,8,NULL,22,8,2015,'192.168.1.102'),(119,'page/store-52',52,'page','::1','Google Chrome',10,9,NULL,22,8,2015,'192.168.1.102'),(120,'page/store-52',52,'page','::1','Google Chrome',10,9,NULL,22,8,2015,'192.168.1.102'),(121,'page/store-52',52,'page','::1','Google Chrome',10,10,NULL,22,8,2015,'192.168.1.102'),(122,'page/store-52',52,'page','::1','Google Chrome',10,11,NULL,22,8,2015,'192.168.1.102'),(123,'page/store-52',52,'page','::1','Google Chrome',10,13,NULL,22,8,2015,'192.168.1.102'),(124,'page/store-52',52,'page','::1','Google Chrome',10,13,NULL,22,8,2015,'192.168.1.102'),(125,'page/store-52',52,'page','::1','Google Chrome',10,17,NULL,22,8,2015,'192.168.1.102'),(126,'page/store-52',52,'page','::1','Google Chrome',10,17,NULL,22,8,2015,'192.168.1.102'),(127,'page/store-52',52,'page','::1','Google Chrome',10,22,NULL,22,8,2015,'192.168.1.102'),(128,'page/store-52',52,'page','::1','Google Chrome',10,22,NULL,22,8,2015,'192.168.1.102'),(129,'page/store-52',52,'page','::1','Google Chrome',10,23,NULL,22,8,2015,'192.168.1.102'),(130,'page/store-52',52,'page','::1','Google Chrome',10,23,NULL,22,8,2015,'192.168.1.102'),(131,'page/store-52',52,'page','::1','Google Chrome',10,24,NULL,22,8,2015,'192.168.1.102'),(132,'page/store-52',52,'page','::1','Google Chrome',10,24,NULL,22,8,2015,'192.168.1.102'),(133,'page/store-52',52,'page','::1','Google Chrome',10,24,NULL,22,8,2015,'192.168.1.102'),(134,'page/store-52',52,'page','::1','Google Chrome',10,46,NULL,22,8,2015,'192.168.1.102'),(135,'page/store-53',53,'page','::1','Google Chrome',3,5,NULL,22,8,2015,'http://localhost/psarnetwork/public/member/login'),(136,'page/store-54',54,'page','::1','Google Chrome',3,32,NULL,22,8,2015,'http://localhost/psarnetwork/public/member/login'),(137,'page/store-54',54,'page','::1','Google Chrome',4,7,NULL,22,8,2015,'http://localhost/psarnetwork/public/member/userinfo/slideshow'),(138,'page/store-54',54,'page','::1','Google Chrome',4,18,NULL,22,8,2015,'192.168.1.102'),(139,'page/store-55',55,'page','::1','Google Chrome',4,54,NULL,22,8,2015,'http://localhost/psarnetwork/public/member/login'),(140,'page/store-55',55,'page','::1','Google Chrome',5,1,NULL,22,8,2015,'192.168.1.102'),(141,'page/store-55',55,'page','::1','Google Chrome',5,1,NULL,22,8,2015,'192.168.1.102'),(142,'page/store-55',55,'page','::1','Google Chrome',5,2,NULL,22,8,2015,'192.168.1.102'),(143,'page/store-55',55,'page','::1','Google Chrome',5,3,NULL,22,8,2015,'192.168.1.102'),(144,'page/store-55',55,'page','::1','Google Chrome',5,25,NULL,22,8,2015,'http://localhost/psarnetwork/public/member/userinfo/menu'),(145,'page/store-56',56,'page','::1','Google Chrome',5,28,NULL,22,8,2015,'http://localhost/psarnetwork/public/member/login'),(146,'page/store-55',55,'page','::1','Google Chrome',5,30,NULL,22,8,2015,'http://localhost/psarnetwork/public/member/login'),(147,'page/store-57',57,'page','::1','Google Chrome',5,32,NULL,22,8,2015,'http://localhost/psarnetwork/public/member/login'),(148,'page/store-57',57,'page','::1','Google Chrome',5,32,NULL,22,8,2015,'http://localhost/psarnetwork/public/member/userinfo/content'),(149,'page/store-57',57,'page','::1','Google Chrome',5,41,NULL,22,8,2015,'http://localhost/psarnetwork/public/member/userinfo/content'),(150,'page/store-57',57,'page','::1','Google Chrome',5,42,NULL,22,8,2015,'192.168.1.102'),(151,'page/store-57',57,'page','::1','Google Chrome',5,45,NULL,22,8,2015,'192.168.1.102'),(152,'page/khmerster',57,'page','::1','Google Chrome',5,45,NULL,22,8,2015,'192.168.1.102'),(153,'page/store-57',57,'page','::1','Google Chrome',5,46,NULL,22,8,2015,'192.168.1.102'),(154,'page/khmerster',57,'page','::1','Google Chrome',7,28,NULL,25,8,2015,'http://localhost/psarnetwork/public/member/login'),(155,'page/khmerster',57,'page','::1','Google Chrome',7,44,NULL,25,8,2015,'http://localhost/psarnetwork/public/member/userinfo/banner'),(156,'page/khmerster',57,'page','::1','Google Chrome',7,48,NULL,25,8,2015,'192.168.1.102'),(157,'page/khmerster',57,'page','::1','Google Chrome',7,48,NULL,25,8,2015,'http://localhost/psarnetwork/public/page/khmerster'),(158,'page/khmerster',57,'page','::1','Google Chrome',4,2,NULL,25,8,2015,'192.168.1.102'),(159,'page/khmerster',57,'page','::1','Google Chrome',4,3,NULL,25,8,2015,'192.168.1.102'),(160,'page/khmerster',57,'page','::1','Google Chrome',4,3,NULL,25,8,2015,'192.168.1.102'),(161,'page/khmerster',57,'page','::1','Google Chrome',4,14,NULL,25,8,2015,'192.168.1.102'),(162,'page/khmerster',57,'page','::1','Google Chrome',4,16,NULL,25,8,2015,'192.168.1.102'),(163,'page/khmerster',57,'page','::1','Google Chrome',4,19,NULL,25,8,2015,'192.168.1.102'),(164,'page/khmerster',57,'page','::1','Google Chrome',4,19,NULL,25,8,2015,'192.168.1.102'),(165,'page/khmerster',57,'page','::1','Google Chrome',4,20,NULL,25,8,2015,'192.168.1.102'),(166,'page/khmerster',57,'page','::1','Google Chrome',4,20,NULL,25,8,2015,'192.168.1.102'),(167,'page/khmerster',57,'page','::1','Google Chrome',4,21,NULL,25,8,2015,'192.168.1.102'),(168,'page/khmerster',57,'page','::1','Google Chrome',4,21,NULL,25,8,2015,'192.168.1.102'),(169,'page/khmerster',57,'page','::1','Google Chrome',4,22,NULL,25,8,2015,'192.168.1.102'),(170,'page/khmerster',57,'page','::1','Google Chrome',4,22,NULL,25,8,2015,'192.168.1.102'),(171,'page/khmerster',57,'page','::1','Google Chrome',4,23,NULL,25,8,2015,'192.168.1.102'),(172,'page/khmerster',57,'page','::1','Google Chrome',4,24,NULL,25,8,2015,'192.168.1.102'),(173,'page/khmerster',57,'page','::1','Google Chrome',4,24,NULL,25,8,2015,'192.168.1.102'),(174,'page/khmerster',57,'page','::1','Google Chrome',4,25,NULL,25,8,2015,'192.168.1.102'),(175,'page/khmerster',57,'page','::1','Google Chrome',4,25,NULL,25,8,2015,'192.168.1.102'),(176,'page/store-55',55,'page','::1','Google Chrome',11,1,NULL,25,8,2015,'http://localhost/psarnetwork/public/member/login'),(177,'page/store-55',55,'page','::1','Google Chrome',11,15,NULL,25,8,2015,'http://localhost/psarnetwork/public/member/userinfo/infomation'),(178,'page/store-55',55,'page','::1','Google Chrome',2,48,NULL,26,8,2015,'http://localhost/psarnetwork/public/member/login'),(179,'page/store-55',55,'page','::1','Google Chrome',7,5,NULL,26,8,2015,'http://localhost/psarnetwork/public/member/login'),(180,'page/store-56',56,'page','::1','Google Chrome',7,6,NULL,26,8,2015,'http://localhost/psarnetwork/public/member/login'),(181,'page/store-56',56,'page','::1','Google Chrome',7,10,NULL,26,8,2015,'192.168.1.102'),(182,'page/store-56',56,'page','::1','Google Chrome',7,11,NULL,26,8,2015,'192.168.1.102'),(183,'page/store-56',56,'page','::1','Google Chrome',7,13,NULL,26,8,2015,'192.168.1.102'),(184,'page/store-56',56,'page','::1','Google Chrome',7,13,NULL,26,8,2015,'192.168.1.102'),(185,'page/store-56',56,'page','::1','Google Chrome',7,14,NULL,26,8,2015,'192.168.1.102'),(186,'page/store-56',56,'page','::1','Google Chrome',7,14,NULL,26,8,2015,'192.168.1.102'),(187,'page/store-56',56,'page','::1','Google Chrome',7,15,NULL,26,8,2015,'192.168.1.102'),(188,'page/store-56',56,'page','::1','Google Chrome',7,16,NULL,26,8,2015,'192.168.1.102'),(189,'page/store-56',56,'page','::1','Google Chrome',7,16,NULL,26,8,2015,'192.168.1.102'),(190,'page/store-56',56,'page','::1','Google Chrome',7,19,NULL,26,8,2015,'192.168.1.102'),(191,'page/store-56',56,'page','::1','Google Chrome',7,21,NULL,26,8,2015,'192.168.1.102'),(192,'page/store-56',56,'page','::1','Google Chrome',7,23,NULL,26,8,2015,'http://localhost/psarnetwork/public/member/userinfo/infomation'),(193,'page/store-56',56,'page','::1','Google Chrome',7,23,NULL,26,8,2015,'192.168.1.102'),(194,'page/store-56',56,'page','::1','Google Chrome',7,24,NULL,26,8,2015,'192.168.1.102'),(195,'page/store-56',56,'page','::1','Google Chrome',7,53,NULL,26,8,2015,'192.168.1.102'),(196,'page/store-56',56,'page','::1','Google Chrome',7,54,NULL,26,8,2015,'192.168.1.102'),(197,'page/store-56',56,'page','::1','Google Chrome',7,44,NULL,27,8,2015,'http://localhost/psarnetwork/public/member/login'),(198,'page/store-53',53,'page','::1','Google Chrome',7,52,NULL,27,8,2015,'http://localhost/psarnetwork/public/member/login'),(199,'page/store-53',53,'page','::1','Google Chrome',7,52,NULL,27,8,2015,'http://localhost/psarnetwork/public/member/userinfo/summary'),(200,'page/store-55',55,'page','::1','Google Chrome',2,10,NULL,28,8,2015,'http://localhost/psarnetwork/public/member/login'),(201,'page/store-55',55,'page','::1','Google Chrome',12,35,NULL,29,8,2015,'http://localhost/psarnetwork/public/member/login'),(202,'page/store-55',55,'page','::1','Google Chrome',12,51,NULL,29,8,2015,'192.168.1.102'),(203,'page/store-55',55,'page','::1','Google Chrome',1,56,NULL,29,8,2015,'192.168.1.102'),(204,'page/store-55',55,'page','::1','Google Chrome',1,57,NULL,29,8,2015,'192.168.1.102'),(205,'page/store-55',55,'page','::1','Google Chrome',2,0,NULL,29,8,2015,'192.168.1.102'),(206,'page/store-55',55,'page','::1','Google Chrome',2,0,NULL,29,8,2015,'192.168.1.102'),(207,'page/store-55',55,'page','::1','Google Chrome',2,1,NULL,29,8,2015,'192.168.1.102'),(208,'page/store-55',55,'page','::1','Google Chrome',2,3,NULL,29,8,2015,'192.168.1.102'),(209,'page/store-55',55,'page','::1','Google Chrome',2,4,NULL,29,8,2015,'192.168.1.102'),(210,'page/store-55',55,'page','::1','Google Chrome',2,7,NULL,29,8,2015,'192.168.1.102'),(211,'page/store-55',55,'page','::1','Google Chrome',2,9,NULL,29,8,2015,'192.168.1.102'),(212,'page/store-55',55,'page','::1','Google Chrome',2,10,NULL,29,8,2015,'192.168.1.102'),(213,'page/store-55',55,'page','::1','Google Chrome',2,10,NULL,29,8,2015,'192.168.1.102'),(214,'page/store-55',55,'page','::1','Google Chrome',2,11,NULL,29,8,2015,'192.168.1.102'),(215,'page/store-55',55,'page','::1','Google Chrome',2,11,NULL,29,8,2015,'192.168.1.102'),(216,'page/store-55',55,'page','::1','Google Chrome',2,12,NULL,29,8,2015,'192.168.1.102'),(217,'page/store-55',55,'page','::1','Google Chrome',2,13,NULL,29,8,2015,'192.168.1.102'),(218,'page/store-55',55,'page','::1','Google Chrome',2,14,NULL,29,8,2015,'192.168.1.102'),(219,'page/store-55',55,'page','::1','Google Chrome',2,14,NULL,29,8,2015,'192.168.1.102'),(220,'page/store-55',55,'page','::1','Google Chrome',2,15,NULL,29,8,2015,'192.168.1.102'),(221,'page/store-55',55,'page','::1','Google Chrome',2,16,NULL,29,8,2015,'192.168.1.102'),(222,'page/store-55',55,'page','::1','Google Chrome',2,16,NULL,29,8,2015,'192.168.1.102'),(223,'page/store-55',55,'page','::1','Google Chrome',2,17,NULL,29,8,2015,'192.168.1.102'),(224,'page/store-55',55,'page','::1','Google Chrome',2,17,NULL,29,8,2015,'192.168.1.102'),(225,'page/store-55',55,'page','::1','Google Chrome',2,19,NULL,29,8,2015,'192.168.1.102'),(226,'page/store-55',55,'page','::1','Google Chrome',2,19,NULL,29,8,2015,'192.168.1.102'),(227,'page/store-55',55,'page','::1','Google Chrome',2,20,NULL,29,8,2015,'192.168.1.102'),(228,'page/store-55',55,'page','::1','Google Chrome',2,20,NULL,29,8,2015,'192.168.1.102'),(229,'page/store-55',55,'page','::1','Google Chrome',2,21,NULL,29,8,2015,'192.168.1.102'),(230,'page/store-55',55,'page','::1','Google Chrome',2,22,NULL,29,8,2015,'192.168.1.102'),(231,'page/store-55',55,'page','::1','Google Chrome',2,24,NULL,29,8,2015,'192.168.1.102'),(232,'page/store-55',55,'page','::1','Google Chrome',2,29,NULL,29,8,2015,'192.168.1.102'),(233,'page/store-55',55,'page','::1','Google Chrome',2,30,NULL,29,8,2015,'192.168.1.102'),(234,'page/store-55',55,'page','::1','Google Chrome',2,30,NULL,29,8,2015,'192.168.1.102'),(235,'page/store-55',55,'page','::1','Google Chrome',2,37,NULL,29,8,2015,'192.168.1.102'),(236,'page/store-55',55,'page','::1','Google Chrome',2,41,NULL,29,8,2015,'192.168.1.102'),(237,'page/store-55',55,'page','::1','Google Chrome',2,43,NULL,29,8,2015,'192.168.1.102'),(238,'page/store-55',55,'page','::1','Google Chrome',2,43,NULL,29,8,2015,'192.168.1.102'),(239,'page/store-55',55,'page','::1','Google Chrome',2,44,NULL,29,8,2015,'192.168.1.102'),(240,'page/store-58',58,'page','::1','Google Chrome',3,0,NULL,29,8,2015,'http://localhost/psarnetwork/public/member/login'),(241,'page/store-58',58,'page','::1','Google Chrome',3,0,NULL,29,8,2015,'192.168.1.102'),(242,'page/store-58',58,'page','::1','Google Chrome',3,0,NULL,29,8,2015,'192.168.1.102'),(243,'page/store-58',58,'page','::1','Google Chrome',3,1,NULL,29,8,2015,'192.168.1.102'),(244,'page/store-58',58,'page','::1','Google Chrome',3,1,NULL,29,8,2015,'192.168.1.102'),(245,'page/store-58',58,'page','::1','Google Chrome',3,1,NULL,29,8,2015,'192.168.1.102'),(246,'page/store-58',58,'page','::1','Google Chrome',3,3,NULL,29,8,2015,'192.168.1.102'),(247,'page/store-58',58,'page','::1','Google Chrome',3,4,NULL,29,8,2015,'192.168.1.102'),(248,'page/store-58',58,'page','::1','Google Chrome',3,6,NULL,29,8,2015,'192.168.1.102'),(249,'page/store-55',55,'page','::1','Google Chrome',3,6,NULL,29,8,2015,'192.168.1.102'),(250,'page/store-58',58,'page','::1','Google Chrome',3,7,NULL,29,8,2015,'192.168.1.102'),(251,'page/store-55',55,'page','::1','Google Chrome',3,8,NULL,29,8,2015,'192.168.1.102'),(252,'page/store-55',55,'page','::1','Google Chrome',3,8,NULL,29,8,2015,'192.168.1.102'),(253,'page/store-58',58,'page','::1','Google Chrome',3,9,NULL,29,8,2015,'192.168.1.102'),(254,'page/store-58',58,'page','::1','Google Chrome',3,12,NULL,29,8,2015,'192.168.1.102'),(255,'page/store-58',58,'page','::1','Google Chrome',3,36,NULL,29,8,2015,'192.168.1.102'),(256,'page/store-58',58,'page','::1','Google Chrome',3,37,NULL,29,8,2015,'192.168.1.102'),(257,'page/store-58',58,'page','::1','Google Chrome',3,38,NULL,29,8,2015,'192.168.1.102'),(258,'page/store-58',58,'page','::1','Google Chrome',3,38,NULL,29,8,2015,'192.168.1.102'),(259,'page/store-58',58,'page','::1','Google Chrome',3,39,NULL,29,8,2015,'192.168.1.102'),(260,'page/store-58',58,'page','::1','Google Chrome',3,40,NULL,29,8,2015,'192.168.1.102'),(261,'page/store-58',58,'page','::1','Google Chrome',3,41,NULL,29,8,2015,'192.168.1.102'),(262,'page/store-58',58,'page','::1','Google Chrome',3,42,NULL,29,8,2015,'192.168.1.102'),(263,'page/store-58',58,'page','::1','Google Chrome',3,42,NULL,29,8,2015,'192.168.1.102'),(264,'page/store-58',58,'page','::1','Google Chrome',3,43,NULL,29,8,2015,'192.168.1.102'),(265,'page/store-58',58,'page','::1','Google Chrome',3,44,NULL,29,8,2015,'192.168.1.102'),(266,'page/store-58',58,'page','::1','Google Chrome',3,46,NULL,29,8,2015,'192.168.1.102'),(267,'page/store-58',58,'page','::1','Google Chrome',3,46,NULL,29,8,2015,'192.168.1.102'),(268,'page/store-58',58,'page','::1','Google Chrome',3,47,NULL,29,8,2015,'192.168.1.102'),(269,'page/store-58',58,'page','::1','Google Chrome',3,49,NULL,29,8,2015,'192.168.1.102'),(270,'page/store-58',58,'page','::1','Google Chrome',4,12,NULL,29,8,2015,'192.168.1.102'),(271,'page/store-58',58,'page','::1','Google Chrome',4,14,NULL,29,8,2015,'192.168.1.102'),(272,'page/store-58',58,'page','::1','Google Chrome',4,14,NULL,29,8,2015,'192.168.1.102'),(273,'page/store-58',58,'page','::1','Google Chrome',4,15,NULL,29,8,2015,'192.168.1.102'),(274,'page/store-58',58,'page','::1','Google Chrome',4,16,NULL,29,8,2015,'192.168.1.102'),(275,'page/store-58',58,'page','::1','Google Chrome',4,33,NULL,29,8,2015,'192.168.1.102'),(276,'page/store-58',58,'page','::1','Google Chrome',4,34,NULL,29,8,2015,'192.168.1.102'),(277,'page/store-58',58,'page','::1','Google Chrome',4,34,NULL,29,8,2015,'192.168.1.102'),(278,'page/store-58',58,'page','::1','Google Chrome',4,35,NULL,29,8,2015,'192.168.1.102'),(279,'page/store-58',58,'page','::1','Google Chrome',4,37,NULL,29,8,2015,'192.168.1.102'),(280,'page/store-58',58,'page','::1','Google Chrome',4,38,NULL,29,8,2015,'192.168.1.102'),(281,'page/store-58',58,'page','::1','Google Chrome',4,39,NULL,29,8,2015,'192.168.1.102'),(282,'page/store-58',58,'page','::1','Google Chrome',4,40,NULL,29,8,2015,'192.168.1.102'),(283,'page/store-58',58,'page','::1','Google Chrome',4,41,NULL,29,8,2015,'192.168.1.102'),(284,'page/store-58',58,'page','::1','Google Chrome',4,42,NULL,29,8,2015,'192.168.1.102'),(285,'page/store-58',58,'page','::1','Google Chrome',4,42,NULL,29,8,2015,'192.168.1.102'),(286,'page/store-58',58,'page','::1','Google Chrome',4,43,NULL,29,8,2015,'192.168.1.102'),(287,'page/store-58',58,'page','::1','Google Chrome',4,43,NULL,29,8,2015,'192.168.1.102'),(288,'page/store-58',58,'page','::1','Google Chrome',4,43,NULL,29,8,2015,'192.168.1.102'),(289,'page/store-58',58,'page','::1','Google Chrome',4,45,NULL,29,8,2015,'192.168.1.102'),(290,'page/store-58',58,'page','::1','Google Chrome',4,45,NULL,29,8,2015,'http://localhost/psarnetwork/public/page/store-58'),(291,'page/store-58',58,'page','::1','Google Chrome',4,46,NULL,29,8,2015,'192.168.1.102'),(292,'page/store-55',55,'page','::1','Google Chrome',4,51,NULL,29,8,2015,'192.168.1.102'),(293,'page/store-55',55,'page','::1','Google Chrome',4,51,NULL,29,8,2015,'192.168.1.102'),(294,'page/store-58',58,'page','::1','Google Chrome',4,51,NULL,29,8,2015,'192.168.1.102'),(295,'page/store-55',55,'page','::1','Google Chrome',4,51,NULL,29,8,2015,'192.168.1.102'),(296,'page/store-55',55,'page','::1','Google Chrome',4,53,NULL,29,8,2015,'192.168.1.102'),(297,'page/store-55',55,'page','::1','Google Chrome',4,53,NULL,29,8,2015,'192.168.1.102'),(298,'page/store-58',58,'page','::1','Google Chrome',4,53,NULL,29,8,2015,'192.168.1.102'),(299,'page/store-55',55,'page','::1','Google Chrome',4,54,NULL,29,8,2015,'192.168.1.102'),(300,'page/store-55',55,'page','::1','Google Chrome',4,55,NULL,29,8,2015,'192.168.1.102'),(301,'page/store-55',55,'page','::1','Google Chrome',4,56,NULL,29,8,2015,'192.168.1.102'),(302,'page/store-58',58,'page','::1','Google Chrome',4,56,NULL,29,8,2015,'192.168.1.102'),(303,'page/store-58',58,'page','::1','Google Chrome',4,56,NULL,29,8,2015,'192.168.1.102'),(304,'page/store-58',58,'page','::1','Google Chrome',4,57,NULL,29,8,2015,'192.168.1.102'),(305,'page/store-58',58,'page','::1','Google Chrome',4,57,NULL,29,8,2015,'192.168.1.102'),(306,'page/store-58',58,'page','::1','Google Chrome',1,27,NULL,29,8,2015,'http://localhost/psarnetwork/public/member/login'),(307,'page/store-56',56,'page','::1','Google Chrome',1,28,NULL,29,8,2015,'http://localhost/psarnetwork/public/member/login'),(308,'page/store-56',56,'page','::1','Google Chrome',1,30,NULL,29,8,2015,'192.168.1.102'),(309,'page/store-56',56,'page','::1','Google Chrome',1,31,NULL,29,8,2015,'192.168.1.102'),(310,'page/store-56',56,'page','::1','Google Chrome',1,35,NULL,29,8,2015,'192.168.1.102'),(311,'page/store-56',56,'page','::1','Google Chrome',1,35,NULL,29,8,2015,'192.168.1.102'),(312,'page/store-58',58,'page','::1','Google Chrome',9,0,NULL,30,8,2015,'http://localhost/psarnetwork/public/member/login'),(313,'page/store-58',58,'page','::1','Google Chrome',9,3,NULL,30,8,2015,'http://localhost/psarnetwork/public/member/userinfo/slideshow'),(314,'page/store-58',58,'page','::1','Google Chrome',9,4,NULL,30,8,2015,'http://localhost/psarnetwork/public/member/userinfo/banner'),(315,'page/store-58',58,'page','::1','Google Chrome',12,4,NULL,1,9,2015,'http://localhost/psarnetwork/public/member/login'),(316,'page/store-58',58,'page','::1','Google Chrome',12,17,NULL,1,9,2015,'http://localhost/psarnetwork/public/member/userinfo/menu'),(317,'page/store-58',58,'page','::1','Google Chrome',2,5,NULL,2,9,2015,'http://localhost/psarnetwork/public/member/login'),(318,'page/store-58',58,'page','::1','Google Chrome',2,19,NULL,2,9,2015,'http://localhost/psarnetwork/public/member/userinfo/addpage?add=1'),(319,'page/store-58',58,'page','::1','Google Chrome',2,19,NULL,2,9,2015,'192.168.1.100'),(320,'page/store-58',58,'page','::1','Google Chrome',2,19,NULL,2,9,2015,'192.168.1.100'),(321,'page/store-58',58,'page','::1','Google Chrome',2,20,NULL,2,9,2015,'192.168.1.100'),(322,'page/store-58',58,'page','::1','Google Chrome',2,21,NULL,2,9,2015,'192.168.1.100'),(323,'page/store-58',58,'page','::1','Google Chrome',2,21,NULL,2,9,2015,'192.168.1.100'),(324,'page/store-58',58,'page','::1','Google Chrome',2,21,NULL,2,9,2015,'192.168.1.100'),(325,'page/store-58',58,'page','::1','Google Chrome',2,21,NULL,2,9,2015,'192.168.1.100'),(326,'page/store-58',58,'page','::1','Google Chrome',2,21,NULL,2,9,2015,'192.168.1.100'),(327,'page/store-58',58,'page','::1','Google Chrome',2,22,NULL,2,9,2015,'192.168.1.100'),(328,'page/store-58',58,'page','::1','Google Chrome',2,36,NULL,2,9,2015,'192.168.1.100'),(329,'page/store-58/my/detail/29',58,'page','::1','Google Chrome',2,36,NULL,2,9,2015,'http://localhost/psarnetwork/public/page/store-58'),(330,'page/store-58/my/detail/29',58,'page','::1','Google Chrome',2,39,NULL,2,9,2015,'192.168.1.100'),(331,'page/store-58/my/detail/29',58,'page','::1','Google Chrome',2,39,NULL,2,9,2015,'192.168.1.100'),(332,'page/store-58/search/Computer-Accessory',58,'page','::1','Google Chrome',2,40,NULL,2,9,2015,'http://localhost/psarnetwork/public/page/store-58/my/detail/29'),(333,'page/store-58/search/Computer-Accessory',58,'page','::1','Google Chrome',2,40,NULL,2,9,2015,'192.168.1.100'),(334,'page/store-58',58,'page','::1','Google Chrome',2,40,NULL,2,9,2015,'http://localhost/psarnetwork/public/page/store-58/search/Computer-Accessory'),(335,'page/store-58',58,'page','::1','Google Chrome',2,40,NULL,2,9,2015,'192.168.1.100'),(336,'page/store-58/my/detail/29',58,'page','::1','Google Chrome',2,40,NULL,2,9,2015,'http://localhost/psarnetwork/public/page/store-58'),(337,'page/store-58/my/detail/29',58,'page','::1','Google Chrome',2,43,NULL,2,9,2015,'192.168.1.100'),(338,'page/store-47',47,'page','::1','Google Chrome',2,44,NULL,2,9,2015,'http://localhost/psarnetwork/public/'),(339,'page/store-47',47,'page','::1','Google Chrome',2,45,NULL,2,9,2015,'http://localhost/psarnetwork/public/'),(340,'page/store-58',58,'page','::1','Google Chrome',2,47,NULL,2,9,2015,'http://localhost/psarnetwork/public/page/store-58/my/detail/29'),(341,'page/store-58',58,'page','::1','Google Chrome',3,29,NULL,2,9,2015,'192.168.1.100'),(342,'page/store-58',58,'page','::1','Google Chrome',3,29,NULL,2,9,2015,'192.168.1.100'),(343,'page/store-58',58,'page','::1','Google Chrome',3,33,NULL,2,9,2015,'http://localhost/psarnetwork/public/member/userinfo/slideshow'),(344,'page/store-58',58,'page','::1','Google Chrome',3,33,NULL,2,9,2015,'192.168.1.100'),(345,'page/store-58',58,'page','::1','Google Chrome',5,1,NULL,3,9,2015,'192.168.1.100'),(346,'page/store-58',58,'page','::1','Google Chrome',11,2,NULL,3,9,2015,'http://localhost/psarnetwork/public/member/login'),(347,'page/store-58',58,'page','::1','Google Chrome',11,8,NULL,3,9,2015,'http://localhost/psarnetwork/public/member/userinfo/addpage'),(348,'page/store-58/p/239',58,'page','::1','Google Chrome',11,8,NULL,3,9,2015,'http://localhost/psarnetwork/public/page/store-58'),(349,'page/store-58/p/239',58,'page','::1','Google Chrome',11,8,NULL,3,9,2015,'http://localhost/psarnetwork/public/page/store-58'),(350,'page/store-58/p/240',58,'page','::1','Google Chrome',11,8,NULL,3,9,2015,'http://localhost/psarnetwork/public/page/store-58'),(351,'page/store-58/search/Computer%20,%20Software,Network,Hardware',58,'page','::1','Google Chrome',11,8,NULL,3,9,2015,'http://localhost/psarnetwork/public/page/store-58'),(352,'page/store-58',58,'page','::1','Google Chrome',11,8,NULL,3,9,2015,'http://localhost/psarnetwork/public/page/store-58/search/Computer%20,%20Software,Network,Hardware'),(353,'page/store-58/search/Card%20Reader',58,'page','::1','Google Chrome',11,8,NULL,3,9,2015,'http://localhost/psarnetwork/public/page/store-58'),(354,'page/store-58',58,'page','::1','Google Chrome',11,8,NULL,3,9,2015,'http://localhost/psarnetwork/public/page/store-58/search/Card%20Reader'),(355,'page/store-58/search/Computer-Accessory',58,'page','::1','Google Chrome',11,8,NULL,3,9,2015,'http://localhost/psarnetwork/public/page/store-58'),(356,'page/store-58/search/Computer%20,%20Software,Network,Hardware',58,'page','::1','Google Chrome',11,8,NULL,3,9,2015,'http://localhost/psarnetwork/public/page/store-58/search/Computer-Accessory'),(357,'page/store-58/search/Computer-Accessory',58,'page','::1','Google Chrome',11,9,NULL,3,9,2015,'http://localhost/psarnetwork/public/page/store-58/search/Computer%20,%20Software,Network,Hardware'),(358,'page/store-58/search/Computer-Accessory',58,'page','::1','Google Chrome',11,16,NULL,3,9,2015,'192.168.1.100'),(359,'page/store-58/p/239',58,'page','::1','Google Chrome',11,18,NULL,3,9,2015,'http://localhost/psarnetwork/public/page/store-58/search/Computer-Accessory'),(360,'page/store-58/p/239',58,'page','::1','Google Chrome',11,20,NULL,3,9,2015,'192.168.1.100'),(361,'page/store-58/p/240',58,'page','::1','Google Chrome',11,20,NULL,3,9,2015,'http://localhost/psarnetwork/public/page/store-58/p/239'),(362,'page/store-58/p/239',58,'page','::1','Google Chrome',11,20,NULL,3,9,2015,'http://localhost/psarnetwork/public/page/store-58/p/240'),(363,'page/store-58',58,'page','::1','Google Chrome',11,4,NULL,4,9,2015,'http://localhost/psarnetwork/public/member/login'),(364,'page/store-58',58,'page','::1','Google Chrome',6,17,NULL,4,9,2015,'http://localhost/psarnetwork/public/member/login'),(365,'page/store-58',58,'page','::1','Google Chrome',4,26,NULL,5,9,2015,'http://localhost/psarnetwork/public/member/login'),(366,'page/store-58',58,'page','::1','Google Chrome',7,36,NULL,5,9,2015,'http://localhost/psarnetwork/public/products/edit/34'),(367,'page/store-58',58,'page','::1','Google Chrome',7,39,NULL,5,9,2015,'192.168.1.100'),(368,'page/store-58',58,'page','::1','Google Chrome',7,40,NULL,5,9,2015,'192.168.1.100'),(369,'page/store-58',58,'page','::1','Google Chrome',7,43,NULL,5,9,2015,'192.168.1.100'),(370,'page/store-58',58,'page','::1','Google Chrome',7,46,NULL,5,9,2015,'192.168.1.100'),(371,'page/store-58/search/Computer-Accessory',58,'page','::1','Google Chrome',7,50,NULL,5,9,2015,'http://localhost/psarnetwork/public/page/store-58'),(372,'page/store-58/p/240',58,'page','::1','Google Chrome',7,50,NULL,5,9,2015,'http://localhost/psarnetwork/public/page/store-58/search/Computer-Accessory'),(373,'page/store-58',58,'page','::1','Google Chrome',7,50,NULL,5,9,2015,'http://localhost/psarnetwork/public/page/store-58/p/240'),(374,'page/store-58',58,'page','::1','Google Chrome',7,57,NULL,5,9,2015,'192.168.1.100'),(375,'page/store-58',58,'page','::1','Google Chrome',7,57,NULL,5,9,2015,'192.168.1.100'),(376,'page/store-58',58,'page','::1','Google Chrome',7,57,NULL,5,9,2015,'192.168.1.100'),(377,'page/store-58',58,'page','::1','Google Chrome',7,57,NULL,5,9,2015,'192.168.1.100'),(378,'page/store-58',58,'page','::1','Google Chrome',7,57,NULL,5,9,2015,'192.168.1.100'),(379,'page/store-58',58,'page','::1','Google Chrome',7,58,NULL,5,9,2015,'192.168.1.100'),(380,'page/store-58',58,'page','::1','Google Chrome',7,58,NULL,5,9,2015,'192.168.1.100'),(381,'page/store-58',58,'page','::1','Google Chrome',8,0,NULL,5,9,2015,'192.168.1.100'),(382,'page/store-58',58,'page','::1','Google Chrome',8,0,NULL,5,9,2015,'192.168.1.100'),(383,'page/store-58',58,'page','::1','Google Chrome',8,1,NULL,5,9,2015,'http://localhost/psarnetwork/public/page/store-58'),(384,'page/store-58/p/240',58,'page','::1','Google Chrome',8,1,NULL,5,9,2015,'http://localhost/psarnetwork/public/page/store-58'),(385,'page/store-58/search/Computer%20,%20Software,Network,Hardware',58,'page','::1','Google Chrome',8,1,NULL,5,9,2015,'http://localhost/psarnetwork/public/page/store-58/p/240'),(386,'page/store-58/search/Computer-Accessory',58,'page','::1','Google Chrome',8,1,NULL,5,9,2015,'http://localhost/psarnetwork/public/page/store-58/search/Computer%20,%20Software,Network,Hardware'),(387,'page/store-58/search/Card%20Reader',58,'page','::1','Google Chrome',8,1,NULL,5,9,2015,'http://localhost/psarnetwork/public/page/store-58/search/Computer-Accessory'),(388,'page/store-58/search/Computer%20,%20Software,Network,Hardware',58,'page','::1','Google Chrome',8,1,NULL,5,9,2015,'http://localhost/psarnetwork/public/page/store-58/search/Card%20Reader'),(389,'page/store-58/search/Computer-Accessory',58,'page','::1','Google Chrome',8,1,NULL,5,9,2015,'http://localhost/psarnetwork/public/page/store-58/search/Computer%20,%20Software,Network,Hardware'),(390,'page/store-58/search/Computer%20,%20Software,Network,Hardware',58,'page','::1','Google Chrome',8,2,NULL,5,9,2015,'http://localhost/psarnetwork/public/page/store-58/search/Computer-Accessory'),(391,'page/store-58',58,'page','::1','Google Chrome',8,15,NULL,5,9,2015,'http://localhost/psarnetwork/public/products/list'),(392,'page/store-58/my/detail/32',58,'page','::1','Google Chrome',8,15,NULL,5,9,2015,'http://localhost/psarnetwork/public/page/store-58'),(393,'page/store-58/my/detail/32',58,'page','::1','Google Chrome',8,15,NULL,5,9,2015,'192.168.1.100'),(394,'page/store-58/my/detail/32',58,'page','::1','Google Chrome',8,16,NULL,5,9,2015,'192.168.1.100'),(395,'page/store-58/my/detail/32',58,'page','::1','Google Chrome',8,17,NULL,5,9,2015,'192.168.1.100'),(396,'page/store-58/my/detail/32',58,'page','::1','Google Chrome',8,17,NULL,5,9,2015,'192.168.1.100'),(397,'page/store-58/my/detail/32',58,'page','::1','Google Chrome',8,42,NULL,5,9,2015,'192.168.1.100'),(398,'page/store-58/my/detail/32',58,'page','::1','Google Chrome',8,42,NULL,5,9,2015,'192.168.1.100'),(399,'page/store-58/my/detail/32',58,'page','::1','Google Chrome',8,43,NULL,5,9,2015,'192.168.1.100'),(400,'page/store-58/my/detail/32',58,'page','::1','Google Chrome',8,44,NULL,5,9,2015,'192.168.1.100'),(401,'page/store-58/my/detail/32',58,'page','::1','Google Chrome',8,46,NULL,5,9,2015,'192.168.1.100'),(402,'page/store-58/my/detail/32',58,'page','::1','Google Chrome',8,46,NULL,5,9,2015,'192.168.1.100'),(403,'page/store-58',58,'page','::1','Google Chrome',8,50,NULL,5,9,2015,'http://localhost/psarnetwork/public/page/store-58/my/detail/32'),(404,'page/store-58/my/detail/32',58,'page','::1','Google Chrome',8,51,NULL,5,9,2015,'http://localhost/psarnetwork/public/page/store-58'),(405,'page/store-58',58,'page','::1','Google Chrome',8,51,NULL,5,9,2015,'http://localhost/psarnetwork/public/page/store-58/my/detail/32'),(406,'page/store-58/my/detail/34',58,'page','::1','Google Chrome',8,51,NULL,5,9,2015,'http://localhost/psarnetwork/public/page/store-58'),(407,'page/store-58',58,'page','::1','Google Chrome',8,51,NULL,5,9,2015,'http://localhost/psarnetwork/public/page/store-58/my/detail/34'),(408,'page/store-58',58,'page','::1','Google Chrome',8,51,NULL,5,9,2015,'http://localhost/psarnetwork/public/page/store-58'),(409,'page/store-58',58,'page','::1','Google Chrome',5,40,NULL,6,9,2015,'http://localhost/psarnetwork/public/member/login'),(410,'page/store-58',58,'page','::1','Google Chrome',11,10,NULL,6,9,2015,'http://localhost/psarnetwork/public/member/login'),(411,'page/store-58/p/240',58,'page','::1','Google Chrome',11,16,NULL,6,9,2015,'http://localhost/psarnetwork/public/page/store-58'),(412,'page/store-58/p/239',58,'page','::1','Google Chrome',11,16,NULL,6,9,2015,'http://localhost/psarnetwork/public/page/store-58/p/240'),(413,'page/store-52',52,'page','::1','Google Chrome',8,52,NULL,9,9,2015,'http://localhost/psarnetwork/public/'),(414,'page/store-58',58,'page','::1','Google Chrome',8,54,NULL,9,9,2015,'http://localhost/psarnetwork/public/member/login'),(415,'page/store-58',58,'page','::1','Google Chrome',8,55,NULL,9,9,2015,'http://localhost/psarnetwork/public/member/userinfo/slideshow'),(416,'page/store-58',58,'page','::1','Google Chrome',11,57,NULL,12,9,2015,'http://localhost/psarnetwork/public/member/login'),(417,'page/store-58/p/240',58,'page','::1','Google Chrome',11,57,NULL,12,9,2015,'http://localhost/psarnetwork/public/page/store-58'),(418,'page/store-58',58,'page','::1','Google Chrome',11,57,NULL,12,9,2015,'http://localhost/psarnetwork/public/page/store-58/p/240'),(419,'page/store-58',58,'page','::1','Google Chrome',10,6,NULL,13,9,2015,'http://localhost/psarnetwork/public/member/login'),(420,'page/store-58',58,'page','::1','Google Chrome',3,28,NULL,13,9,2015,'http://localhost/psarnetwork/public/products/list'),(421,'page/store-58/search/Computer-Accessory',58,'page','::1','Google Chrome',3,28,NULL,13,9,2015,'http://localhost/psarnetwork/public/page/store-58'),(422,'page/store-58/search/Card%20Reader',58,'page','::1','Google Chrome',3,28,NULL,13,9,2015,'http://localhost/psarnetwork/public/page/store-58/search/Computer-Accessory'),(423,'page/store-58/search/Computer-Accessory',58,'page','::1','Google Chrome',3,29,NULL,13,9,2015,'http://localhost/psarnetwork/public/page/store-58/search/Card%20Reader'),(424,'page/store-58/search/Computer%20,%20Software,Network,Hardware',58,'page','::1','Google Chrome',3,29,NULL,13,9,2015,'http://localhost/psarnetwork/public/page/store-58/search/Computer-Accessory'),(425,'page/store-58/search/Computer-Accessory',58,'page','::1','Google Chrome',3,29,NULL,13,9,2015,'http://localhost/psarnetwork/public/page/store-58/search/Computer%20,%20Software,Network,Hardware'),(426,'page/store-58/search/Card%20Reader',58,'page','::1','Google Chrome',3,29,NULL,13,9,2015,'http://localhost/psarnetwork/public/page/store-58/search/Computer-Accessory'),(427,'page/store-58/search/Computer-Accessory',58,'page','::1','Google Chrome',3,29,NULL,13,9,2015,'http://localhost/psarnetwork/public/page/store-58/search/Card%20Reader'),(428,'page/store-58/search/Computer%20,%20Software,Network,Hardware',58,'page','::1','Google Chrome',3,29,NULL,13,9,2015,'http://localhost/psarnetwork/public/page/store-58/search/Computer-Accessory'),(429,'page/store-58/search/Computer-Accessory',58,'page','::1','Google Chrome',3,29,NULL,13,9,2015,'http://localhost/psarnetwork/public/page/store-58/search/Computer%20,%20Software,Network,Hardware'),(430,'page/store-58/search/Computer%20,%20Software,Network,Hardware',58,'page','::1','Google Chrome',3,29,NULL,13,9,2015,'http://localhost/psarnetwork/public/page/store-58/search/Computer-Accessory'),(431,'page/store-58/search/Computer-Accessory',58,'page','::1','Google Chrome',3,29,NULL,13,9,2015,'http://localhost/psarnetwork/public/page/store-58/search/Computer%20,%20Software,Network,Hardware'),(432,'page/store-58/p/239',58,'page','::1','Google Chrome',3,30,NULL,13,9,2015,'http://localhost/psarnetwork/public/page/store-58/search/Computer-Accessory'),(433,'page/store-58/search/Computer%20,%20Software,Network,Hardware',58,'page','::1','Google Chrome',3,30,NULL,13,9,2015,'http://localhost/psarnetwork/public/page/store-58/p/239'),(434,'page/store-58/search/Computer-Accessory',58,'page','::1','Google Chrome',3,30,NULL,13,9,2015,'http://localhost/psarnetwork/public/page/store-58/search/Computer%20,%20Software,Network,Hardware'),(435,'page/store-58/p/240',58,'page','::1','Google Chrome',3,30,NULL,13,9,2015,'http://localhost/psarnetwork/public/page/store-58/search/Computer-Accessory'),(436,'page/store-58/search/Computer%20,%20Software,Network,Hardware',58,'page','::1','Google Chrome',3,30,NULL,13,9,2015,'http://localhost/psarnetwork/public/page/store-58/p/240'),(437,'page/store-58/search/Computer-Accessory',58,'page','::1','Google Chrome',3,30,NULL,13,9,2015,'http://localhost/psarnetwork/public/page/store-58/search/Computer%20,%20Software,Network,Hardware'),(438,'page/store-58/search/Computer%20,%20Software,Network,Hardware',58,'page','::1','Google Chrome',3,30,NULL,13,9,2015,'http://localhost/psarnetwork/public/page/store-58/search/Computer-Accessory'),(439,'page/store-58',58,'page','::1','Google Chrome',3,30,NULL,13,9,2015,'http://localhost/psarnetwork/public/page/store-58/search/Computer%20,%20Software,Network,Hardware'),(440,'page/store-58/search/Computer-Accessory',58,'page','::1','Google Chrome',3,30,NULL,13,9,2015,'http://localhost/psarnetwork/public/page/store-58'),(441,'page/store-58/search/Computer-Accessory',58,'page','::1','Google Chrome',3,30,NULL,13,9,2015,'http://localhost/psarnetwork/public/page/store-58/search/Computer-Accessory'),(442,'page/store-58',58,'page','::1','Google Chrome',3,33,NULL,13,9,2015,'192.168.1.100'),(443,'page/store-58',58,'page','::1','Google Chrome',3,33,NULL,13,9,2015,'192.168.1.100'),(444,'page/store-58/search/Computer%20Software%20Network%20Hardware',58,'page','::1','Google Chrome',3,35,NULL,13,9,2015,'192.168.1.100'),(445,'page/store-58/search/Computer-Accessory',58,'page','::1','Google Chrome',3,36,NULL,13,9,2015,'http://localhost/psarnetwork/public/page/store-58/search/Computer%20Software%20Network%20Hardware'),(446,'page/store-58/search/Card%20Reader',58,'page','::1','Google Chrome',3,36,NULL,13,9,2015,'http://localhost/psarnetwork/public/page/store-58/search/Computer-Accessory'),(447,'page/store-58/search/Computer-Accessory',58,'page','::1','Google Chrome',3,36,NULL,13,9,2015,'http://localhost/psarnetwork/public/page/store-58/search/Card%20Reader'),(448,'page/store-58/search/Computer%20Software%20Network%20Hardware',58,'page','::1','Google Chrome',3,36,NULL,13,9,2015,'http://localhost/psarnetwork/public/page/store-58/search/Computer-Accessory'),(449,'page/store-58/search/Computer%20Software%20Network%20Hardware',58,'page','::1','Google Chrome',4,54,NULL,13,9,2015,'192.168.1.100'),(450,'page/store-58/search/Computer%20Software%20Network%20Hardware',58,'page','::1','Google Chrome',4,54,NULL,13,9,2015,'http://localhost/psarnetwork/public/page/store-58/search/Computer%20Software%20Network%20Hardware'),(451,'page/store-58/search/Computer-Accessory',58,'page','::1','Google Chrome',4,54,NULL,13,9,2015,'http://localhost/psarnetwork/public/page/store-58/search/Computer%20Software%20Network%20Hardware'),(452,'page/store-58/search/Computer%20Software%20Network%20Hardware',58,'page','::1','Google Chrome',4,54,NULL,13,9,2015,'http://localhost/psarnetwork/public/page/store-58/search/Computer-Accessory'),(453,'page/store-58/search/Computer%20Software%20Network%20Hardware',58,'page','::1','Google Chrome',4,54,NULL,13,9,2015,'http://localhost/psarnetwork/public/page/store-58/search/Computer%20Software%20Network%20Hardware'),(454,'page/store-58/search/Computer%20Software%20Network%20Hardware',58,'page','::1','Google Chrome',4,55,NULL,13,9,2015,'192.168.1.100'),(455,'page/store-58/search/Computer%20Software%20Network%20Hardware',58,'page','::1','Google Chrome',4,55,NULL,13,9,2015,'192.168.1.100'),(456,'page/store-58/search/Computer%20Software%20Network%20Hardware',58,'page','::1','Google Chrome',5,0,NULL,13,9,2015,'192.168.1.100'),(457,'page/store-58/search/Computer%20Software%20Network%20Hardware',58,'page','::1','Google Chrome',5,1,NULL,13,9,2015,'192.168.1.100'),(458,'page/store-58/search/Computer-Accessory',58,'page','::1','Google Chrome',5,1,NULL,13,9,2015,'http://localhost/psarnetwork/public/page/store-58/search/Computer%20Software%20Network%20Hardware'),(459,'page/store-58/search/Card%20Reader',58,'page','::1','Google Chrome',5,1,NULL,13,9,2015,'http://localhost/psarnetwork/public/page/store-58/search/Computer-Accessory'),(460,'page/store-58/search/Computer%20Software%20Network%20Hardware',58,'page','::1','Google Chrome',5,1,NULL,13,9,2015,'http://localhost/psarnetwork/public/page/store-58/search/Card%20Reader'),(461,'page/store-58',58,'page','::1','Google Chrome',5,1,NULL,13,9,2015,'http://localhost/psarnetwork/public/page/store-58/search/Computer%20Software%20Network%20Hardware'),(462,'page/store-58/search/Computer%20Software%20Network%20Hardware',58,'page','::1','Google Chrome',5,1,NULL,13,9,2015,'http://localhost/psarnetwork/public/page/store-58'),(463,'page/store-58/search/Computer%20Software%20Network%20Hardware',58,'page','::1','Google Chrome',5,2,NULL,13,9,2015,'http://localhost/psarnetwork/public/page/store-58/search/Computer%20Software%20Network%20Hardware'),(464,'page/store-58/my/detail/36',58,'page','::1','Google Chrome',5,2,NULL,13,9,2015,'http://localhost/psarnetwork/public/page/store-58'),(465,'page/store-58',58,'page','::1','Google Chrome',5,2,NULL,13,9,2015,'http://localhost/psarnetwork/public/page/store-58/my/detail/36'),(466,'page/store-58/search/Computer%20Software%20Network%20Hardware',58,'page','::1','Google Chrome',5,2,NULL,13,9,2015,'http://localhost/psarnetwork/public/page/store-58'),(467,'page/store-58/search/Computer%20Software%20Network%20Hardware',58,'page','::1','Google Chrome',5,2,NULL,13,9,2015,'http://localhost/psarnetwork/public/page/store-58/search/Computer%20Software%20Network%20Hardware'),(468,'page/store-58',58,'page','::1','Google Chrome',5,2,NULL,13,9,2015,'http://localhost/psarnetwork/public/page/store-58/search/Computer%20Software%20Network%20Hardware'),(469,'page/store-58/search/Computer%20Software%20Network%20Hardware',58,'page','::1','Google Chrome',5,2,NULL,13,9,2015,'http://localhost/psarnetwork/public/page/store-58'),(470,'page/store-58/search/Computer-Accessory',58,'page','::1','Google Chrome',5,3,NULL,13,9,2015,'http://localhost/psarnetwork/public/page/store-58/search/Computer%20Software%20Network%20Hardware'),(471,'store-58/search/Computer-Accessory',58,'page','::1','Google Chrome',5,9,NULL,13,9,2015,'192.168.1.100'),(472,'store-58/search/Computer-Accessory',58,'page','::1','Google Chrome',5,11,NULL,13,9,2015,'192.168.1.100'),(473,'store-58',58,'page','::1','Google Chrome',5,15,NULL,13,9,2015,'192.168.1.100'),(474,'store-58/my/detail/36',58,'page','::1','Google Chrome',5,15,NULL,13,9,2015,'http://localhost/psarnetwork/public/store-58'),(475,'store-58/my/detail/36',58,'page','::1','Google Chrome',5,15,NULL,13,9,2015,'http://localhost/psarnetwork/public/store-58'),(476,'store-58',58,'page','::1','Google Chrome',5,16,NULL,13,9,2015,'192.168.1.100'),(477,'store-58',58,'page','::1','Google Chrome',5,20,NULL,13,9,2015,'192.168.1.100'),(478,'store-58',58,'page','::1','Google Chrome',5,20,NULL,13,9,2015,'http://localhost/psarnetwork/public/store-58'),(479,'store-58/search/Computer%20Software%20Network%20Hardware',58,'page','::1','Google Chrome',5,20,NULL,13,9,2015,'http://localhost/psarnetwork/public/store-58'),(480,'store-58',58,'page','::1','Google Chrome',5,21,NULL,13,9,2015,'http://localhost/psarnetwork/public/store-58/search/Computer%20Software%20Network%20Hardware'),(481,'store-58/search/Computer%20Software%20Network%20Hardware',58,'page','::1','Google Chrome',5,22,NULL,13,9,2015,'http://localhost/psarnetwork/public/store-58'),(482,'store-58/my/detail/36',58,'page','::1','Google Chrome',5,22,NULL,13,9,2015,'http://localhost/psarnetwork/public/store-58/search/Computer%20Software%20Network%20Hardware'),(483,'store-58',58,'page','::1','Google Chrome',5,22,NULL,13,9,2015,'http://localhost/psarnetwork/public/store-58/my/detail/36'),(484,'store-58',58,'page','::1','Google Chrome',5,23,NULL,13,9,2015,'http://localhost/psarnetwork/public/store-58/my/detail/36'),(485,'store-58',58,'page','::1','Google Chrome',5,24,NULL,13,9,2015,'http://localhost/psarnetwork/public/store-58/my/detail/36'),(486,'store-58',58,'page','::1','Google Chrome',5,24,NULL,13,9,2015,'http://localhost/psarnetwork/public/store-58'),(487,'store-58/my/detail/36',58,'page','::1','Google Chrome',5,24,NULL,13,9,2015,'http://localhost/psarnetwork/public/store-58'),(488,'store-58/my/detail/36',58,'page','::1','Google Chrome',5,25,NULL,13,9,2015,'192.168.1.100'),(489,'store-58',58,'page','::1','Google Chrome',5,25,NULL,13,9,2015,'http://localhost/psarnetwork/public/store-58/my/detail/36'),(490,'store-58',58,'page','::1','Google Chrome',5,26,NULL,13,9,2015,'http://localhost/psarnetwork/public/store-58'),(491,'store-58/my/detail/36',58,'page','::1','Google Chrome',5,26,NULL,13,9,2015,'http://localhost/psarnetwork/public/store-58'),(492,'store-58',58,'page','::1','Google Chrome',5,38,NULL,13,9,2015,'http://localhost/psarnetwork/public/store-58/my/detail/36'),(493,'store-58',58,'page','::1','Google Chrome',5,48,NULL,13,9,2015,'http://localhost/psarnetwork/public/products/list'),(494,'store-58',58,'page','::1','Google Chrome',11,51,NULL,14,9,2015,'http://localhost/psarnetwork/public/member/login'),(495,'store-58',58,'page','::1','Google Chrome',2,38,NULL,14,9,2015,'http://localhost/psarnetwork/public/products/edit/37'),(496,'store-53',53,'page','::1','Google Chrome',9,59,NULL,14,9,2015,'http://localhost/psarnetwork/public/member/login'),(497,'store-58',58,'page','::1','Google Chrome',11,4,NULL,14,9,2015,'http://localhost/psarnetwork/public/store-58'),(498,'store-53',53,'page','::1','Google Chrome',2,30,NULL,15,9,2015,'http://localhost/psarnetwork/public/member/login'),(499,'store-55',55,'page','::1','Google Chrome',2,51,NULL,15,9,2015,'http://localhost/psarnetwork/public/member/login'),(500,'store-53',53,'page','::1','Google Chrome',7,32,NULL,15,9,2015,'http://localhost/psarnetwork/public/member/login'),(501,'store-53',53,'page','::1','Google Chrome',10,9,NULL,15,9,2015,'http://localhost/psarnetwork/public/member/login'),(502,'store-53',53,'page','::1','Google Chrome',11,56,NULL,16,9,2015,'http://localhost/psarnetwork/public/member/login'),(503,'store-53',53,'page','::1','Google Chrome',11,57,NULL,16,9,2015,'http://localhost/psarnetwork/public/member/userinfo/infomation'),(504,'socheat',48,'page','::1','Google Chrome',11,57,NULL,16,9,2015,'192.168.1.100'),(505,'store-53',53,'page','::1','Google Chrome',11,57,NULL,16,9,2015,'192.168.1.100'),(506,'socheat',48,'page','::1','Google Chrome',11,57,NULL,16,9,2015,'192.168.1.100'),(507,'store-53',53,'page','::1','Google Chrome',11,58,NULL,16,9,2015,'http://localhost/psarnetwork/public/member/userinfo/infomation'),(508,'store-53',53,'page','::1','Google Chrome',12,1,NULL,16,9,2015,'192.168.1.100'),(509,'socheat1',53,'page','::1','Google Chrome',12,1,NULL,16,9,2015,'192.168.1.100'),(510,'store-53',53,'page','::1','Google Chrome',12,4,NULL,16,9,2015,'192.168.1.100'),(511,'store-53',53,'page','::1','Google Chrome',12,4,NULL,16,9,2015,'192.168.1.100'),(512,'socheat1',53,'page','::1','Google Chrome',12,4,NULL,16,9,2015,'http://localhost/psarnetwork/public/store-53'),(513,'socheat1',53,'page','::1','Google Chrome',12,4,NULL,16,9,2015,'http://localhost/psarnetwork/public/socheat1'),(514,'socheat1',53,'page','::1','Google Chrome',12,4,NULL,16,9,2015,'http://localhost/psarnetwork/public/socheat1'),(515,'socheat1',53,'page','::1','Google Chrome',12,4,NULL,16,9,2015,'http://localhost/psarnetwork/public/socheat1'),(516,'socheat1',53,'page','::1','Google Chrome',12,4,NULL,16,9,2015,'http://localhost/psarnetwork/public/socheat1'),(517,'socheat1',53,'page','::1','Google Chrome',12,4,NULL,16,9,2015,'http://localhost/psarnetwork/public/socheat1'),(518,'socheat1',53,'page','::1','Google Chrome',12,4,NULL,16,9,2015,'http://localhost/psarnetwork/public/socheat1'),(519,'socheat1',53,'page','::1','Google Chrome',12,4,NULL,16,9,2015,'http://localhost/psarnetwork/public/socheat1'),(520,'socheat1',53,'page','::1','Google Chrome',12,4,NULL,16,9,2015,'http://localhost/psarnetwork/public/socheat1'),(521,'socheat1',53,'page','::1','Google Chrome',12,4,NULL,16,9,2015,'http://localhost/psarnetwork/public/socheat1'),(522,'socheat1',53,'page','::1','Google Chrome',12,6,NULL,16,9,2015,'192.168.1.100'),(523,'store-53',53,'page','::1','Google Chrome',12,8,NULL,16,9,2015,'http://localhost/psarnetwork/public/member/userinfo/content'),(524,'socheat1',53,'page','::1','Google Chrome',12,8,NULL,16,9,2015,'http://localhost/psarnetwork/public/store-53'),(525,'store-53',53,'page','::1','Google Chrome',12,9,NULL,16,9,2015,'http://localhost/psarnetwork/public/member/userinfo/content'),(526,'store-53',53,'page','::1','Google Chrome',12,9,NULL,16,9,2015,'http://localhost/psarnetwork/public/member/userinfo/content'),(527,'socheat1',53,'page','::1','Google Chrome',12,9,NULL,16,9,2015,'http://localhost/psarnetwork/public/store-53'),(528,'socheat1',53,'page','::1','Google Chrome',12,10,NULL,16,9,2015,'http://localhost/psarnetwork/public/member/login'),(529,'socheat1/my/detail/40',53,'page','::1','Google Chrome',12,10,NULL,16,9,2015,'http://localhost/psarnetwork/public/socheat1'),(530,'socheat1',53,'page','::1','Google Chrome',12,11,NULL,16,9,2015,'http://localhost/psarnetwork/public/products/list'),(531,'socheat1/my/detail/40',53,'page','::1','Google Chrome',12,11,NULL,16,9,2015,'http://localhost/psarnetwork/public/socheat1'),(532,'socheat1/my/detail/40',53,'page','::1','Google Chrome',12,15,NULL,16,9,2015,'192.168.1.100'),(533,'socheat1/my/detail/40',53,'page','::1','Google Chrome',12,16,NULL,16,9,2015,'192.168.1.100'),(534,'socheat1/my/detail/40',53,'page','::1','Google Chrome',12,17,NULL,16,9,2015,'192.168.1.100'),(535,'socheat1/my/detail/40',53,'page','::1','Google Chrome',12,18,NULL,16,9,2015,'192.168.1.100'),(536,'socheat1/my/detail/40',53,'page','::1','Google Chrome',12,20,NULL,16,9,2015,'192.168.1.100'),(537,'socheat1/my/detail/40',53,'page','::1','Google Chrome',12,21,NULL,16,9,2015,'192.168.1.100'),(538,'socheat1/my/detail/40',53,'page','::1','Google Chrome',12,23,NULL,16,9,2015,'192.168.1.100'),(539,'socheat1/my/detail/40',53,'page','::1','Google Chrome',12,23,NULL,16,9,2015,'192.168.1.100'),(540,'socheat1/my/detail/40',53,'page','::1','Google Chrome',12,24,NULL,16,9,2015,'192.168.1.100'),(541,'socheat1/my/detail/40',53,'page','::1','Google Chrome',12,26,NULL,16,9,2015,'192.168.1.100'),(542,'socheat1/my/detail/40',53,'page','::1','Google Chrome',12,27,NULL,16,9,2015,'192.168.1.100'),(543,'socheat1/my/detail/40',53,'page','::1','Google Chrome',12,27,NULL,16,9,2015,'192.168.1.100'),(544,'socheat1/my/detail/40',53,'page','::1','Google Chrome',12,27,NULL,16,9,2015,'192.168.1.100'),(545,'socheat1/my/detail/40',53,'page','::1','Google Chrome',12,28,NULL,16,9,2015,'192.168.1.100'),(546,'socheat1/my/detail/40',53,'page','::1','Google Chrome',12,28,NULL,16,9,2015,'192.168.1.100'),(547,'socheat1/my/detail/40',53,'page','::1','Google Chrome',12,28,NULL,16,9,2015,'192.168.1.100'),(548,'socheat1/my/detail/40',53,'page','::1','Google Chrome',12,29,NULL,16,9,2015,'192.168.1.100'),(549,'socheat1/my/detail/40',53,'page','::1','Google Chrome',12,29,NULL,16,9,2015,'192.168.1.100'),(550,'socheat1/my/detail/40',53,'page','::1','Google Chrome',12,30,NULL,16,9,2015,'192.168.1.100'),(551,'socheat1/my/detail/40',53,'page','::1','Google Chrome',12,31,NULL,16,9,2015,'192.168.1.100'),(552,'socheat1/my/detail/40',53,'page','::1','Google Chrome',12,32,NULL,16,9,2015,'192.168.1.100'),(553,'socheat1/my/detail/40',53,'page','::1','Google Chrome',12,32,NULL,16,9,2015,'192.168.1.100'),(554,'socheat1/my/detail/40',53,'page','::1','Google Chrome',12,33,NULL,16,9,2015,'192.168.1.100'),(555,'socheat1/my/detail/40',53,'page','::1','Google Chrome',12,35,NULL,16,9,2015,'192.168.1.100'),(556,'socheat1/my/detail/40',53,'page','::1','Google Chrome',12,35,NULL,16,9,2015,'192.168.1.100'),(557,'socheat1/my/detail/40',53,'page','::1','Google Chrome',12,35,NULL,16,9,2015,'192.168.1.100'),(558,'socheat1/my/detail/40',53,'page','::1','Google Chrome',12,36,NULL,16,9,2015,'192.168.1.100'),(559,'socheat1/my/detail/40',53,'page','::1','Google Chrome',12,36,NULL,16,9,2015,'192.168.1.100'),(560,'socheat1/my/detail/40',53,'page','::1','Google Chrome',12,45,NULL,16,9,2015,'192.168.1.100'),(561,'socheat1/my/detail/40',53,'page','::1','Google Chrome',12,52,NULL,16,9,2015,'192.168.1.100'),(562,'socheat1/my/detail/40',53,'page','::1','Google Chrome',12,53,NULL,16,9,2015,'192.168.1.100'),(563,'socheat1/my/detail/40',53,'page','::1','Google Chrome',12,56,NULL,16,9,2015,'192.168.1.100'),(564,'socheat1/my/detail/40',53,'page','::1','Google Chrome',12,57,NULL,16,9,2015,'192.168.1.100'),(565,'socheat1/my/detail/40',53,'page','::1','Google Chrome',1,10,NULL,16,9,2015,'192.168.1.100'),(566,'socheat1',53,'page','::1','Google Chrome',10,39,NULL,17,9,2015,'http://localhost/psarnetwork/public/member/login'),(567,'socheat1',53,'page','::1','Google Chrome',10,39,NULL,17,9,2015,'http://localhost/psarnetwork/public/products/list'),(568,'store-58',58,'page','::1','Google Chrome',10,40,NULL,17,9,2015,'http://localhost/psarnetwork/public/member/login'),(569,'store-58/search/Computer%20Software%20Network%20Hardware',58,'page','::1','Google Chrome',10,40,NULL,17,9,2015,'http://localhost/psarnetwork/public/store-58'),(570,'store-58/search/Computer-Accessory',58,'page','::1','Google Chrome',10,40,NULL,17,9,2015,'http://localhost/psarnetwork/public/store-58/search/Computer%20Software%20Network%20Hardware'),(571,'store-59',59,'page','::1','Google Chrome',11,17,NULL,17,9,2015,'http://localhost/psarnetwork/public/member/login'),(572,'store-59',59,'page','::1','Google Chrome',11,18,NULL,17,9,2015,'http://localhost/psarnetwork/public/products/list'),(573,'store-59/my/detail/46',59,'page','::1','Google Chrome',11,19,NULL,17,9,2015,'http://localhost/psarnetwork/public/store-59'),(574,'store-60',60,'page','::1','Google Chrome',11,23,NULL,17,9,2015,'http://localhost/psarnetwork/public/member/login'),(575,'store-60',60,'page','::1','Google Chrome',11,25,NULL,17,9,2015,'http://localhost/psarnetwork/public/products/list'),(576,'store-60/search/Computer-Accessory',60,'page','::1','Google Chrome',11,25,NULL,17,9,2015,'http://localhost/psarnetwork/public/store-60'),(577,'store-60/search/Electronic%20Consumer',60,'page','::1','Google Chrome',11,25,NULL,17,9,2015,'http://localhost/psarnetwork/public/store-60/search/Computer-Accessory'),(578,'store-60/search/Computer%20Software%20Network%20Hardware',60,'page','::1','Google Chrome',11,25,NULL,17,9,2015,'http://localhost/psarnetwork/public/store-60/search/Electronic%20Consumer'),(579,'store-60',60,'page','::1','Google Chrome',11,30,NULL,17,9,2015,'http://localhost/psarnetwork/public/product/details/48'),(580,'store-60/my/detail/48',60,'page','::1','Google Chrome',11,49,NULL,17,9,2015,'http://localhost/psarnetwork/public/store-60'),(581,'store-60/my/detail/48',60,'page','::1','Google Chrome',11,49,NULL,17,9,2015,'192.168.1.100'),(582,'store-60/my/detail/48',60,'page','::1','Google Chrome',11,50,NULL,17,9,2015,'192.168.1.100'),(583,'store-60/my/detail/48',60,'page','::1','Google Chrome',11,51,NULL,17,9,2015,'192.168.1.100'),(584,'store-60/my/detail/48',60,'page','::1','Google Chrome',11,51,NULL,17,9,2015,'192.168.1.100'),(585,'store-60/my/detail/48',60,'page','::1','Google Chrome',11,54,NULL,17,9,2015,'192.168.1.100'),(586,'store-60/my/detail/48',60,'page','::1','Google Chrome',11,54,NULL,17,9,2015,'192.168.1.100'),(587,'store-60/my/detail/48',60,'page','::1','Google Chrome',11,58,NULL,17,9,2015,'192.168.1.100'),(588,'store-60/my/detail/48',60,'page','::1','Google Chrome',12,2,NULL,17,9,2015,'192.168.1.100'),(589,'store-60/my/detail/48',60,'page','::1','Google Chrome',12,2,NULL,17,9,2015,'192.168.1.100'),(590,'store-60/my/detail/48',60,'page','::1','Google Chrome',12,5,NULL,17,9,2015,'192.168.1.100'),(591,'store-60/my/detail/48',60,'page','::1','Google Chrome',12,5,NULL,17,9,2015,'192.168.1.100'),(592,'store-60/my/detail/48',60,'page','::1','Google Chrome',12,6,NULL,17,9,2015,'192.168.1.100'),(593,'store-60/my/detail/48',60,'page','::1','Google Chrome',12,7,NULL,17,9,2015,'192.168.1.100'),(594,'store-60/my/detail/48',60,'page','::1','Google Chrome',12,7,NULL,17,9,2015,'192.168.1.100'),(595,'store-60/my/detail/48',60,'page','::1','Google Chrome',12,8,NULL,17,9,2015,'192.168.1.100'),(596,'store-60/my/detail/48',60,'page','::1','Google Chrome',12,8,NULL,17,9,2015,'192.168.1.100'),(597,'store-60/my/detail/48',60,'page','::1','Google Chrome',12,9,NULL,17,9,2015,'192.168.1.100'),(598,'store-60/my/detail/48',60,'page','::1','Google Chrome',12,10,NULL,17,9,2015,'192.168.1.100'),(599,'store-60/my/detail/48',60,'page','::1','Google Chrome',12,10,NULL,17,9,2015,'192.168.1.100'),(600,'store-60/my/detail/48',60,'page','::1','Google Chrome',12,10,NULL,17,9,2015,'192.168.1.100'),(601,'store-60/my/detail/48',60,'page','::1','Google Chrome',12,11,NULL,17,9,2015,'192.168.1.100'),(602,'store-60/my/detail/48',60,'page','::1','Google Chrome',12,11,NULL,17,9,2015,'192.168.1.100'),(603,'store-60/my/detail/48',60,'page','::1','Google Chrome',12,14,NULL,17,9,2015,'192.168.1.100'),(604,'store-60/my/detail/48',60,'page','::1','Google Chrome',12,15,NULL,17,9,2015,'192.168.1.100'),(605,'store-60/my/detail/48',60,'page','::1','Google Chrome',12,15,NULL,17,9,2015,'192.168.1.100'),(606,'store-60/my/detail/48',60,'page','::1','Google Chrome',12,27,NULL,17,9,2015,'192.168.1.100'),(607,'store-60/my/detail/48',60,'page','::1','Google Chrome',12,30,NULL,17,9,2015,'192.168.1.100'),(608,'store-60/my/detail/48',60,'page','::1','Google Chrome',12,30,NULL,17,9,2015,'192.168.1.100'),(609,'store-60/my/detail/48',60,'page','::1','Google Chrome',12,31,NULL,17,9,2015,'192.168.1.100'),(610,'store-60/my/detail/48',60,'page','::1','Google Chrome',12,32,NULL,17,9,2015,'192.168.1.100'),(611,'store-60/my/detail/48',60,'page','::1','Google Chrome',12,33,NULL,17,9,2015,'192.168.1.100'),(612,'store-60/my/detail/48',60,'page','::1','Google Chrome',12,33,NULL,17,9,2015,'192.168.1.100'),(613,'store-60/my/detail/48',60,'page','::1','Google Chrome',12,33,NULL,17,9,2015,'192.168.1.100'),(614,'store-60/my/detail/48',60,'page','::1','Google Chrome',12,40,NULL,17,9,2015,'192.168.1.100'),(615,'store-60/my/detail/48',60,'page','::1','Google Chrome',12,40,NULL,17,9,2015,'192.168.1.100'),(616,'store-60/my/detail/48',60,'page','::1','Google Chrome',12,41,NULL,17,9,2015,'192.168.1.100'),(617,'store-60/my/detail/48',60,'page','::1','Google Chrome',12,43,NULL,17,9,2015,'192.168.1.100'),(618,'store-60/my/detail/48',60,'page','::1','Google Chrome',12,44,NULL,17,9,2015,'192.168.1.100'),(619,'store-60/my/detail/48',60,'page','::1','Google Chrome',12,46,NULL,17,9,2015,'192.168.1.100'),(620,'store-60/my/detail/48',60,'page','::1','Google Chrome',12,47,NULL,17,9,2015,'192.168.1.100'),(621,'store-60/my/detail/48',60,'page','::1','Google Chrome',12,47,NULL,17,9,2015,'192.168.1.100'),(622,'store-60/my/detail/48',60,'page','::1','Google Chrome',12,48,NULL,17,9,2015,'192.168.1.100'),(623,'store-60/my/detail/48',60,'page','::1','Google Chrome',12,48,NULL,17,9,2015,'192.168.1.100'),(624,'store-60/my/detail/48',60,'page','::1','Google Chrome',12,49,NULL,17,9,2015,'192.168.1.100'),(625,'store-60/my/detail/48',60,'page','::1','Google Chrome',12,50,NULL,17,9,2015,'192.168.1.100'),(626,'store-60/my/detail/48',60,'page','::1','Google Chrome',12,50,NULL,17,9,2015,'192.168.1.100'),(627,'store-60/my/detail/48',60,'page','::1','Google Chrome',12,51,NULL,17,9,2015,'192.168.1.100'),(628,'store-60/my/detail/48',60,'page','::1','Google Chrome',12,53,NULL,17,9,2015,'192.168.1.100'),(629,'store-60/my/detail/48',60,'page','::1','Google Chrome',12,55,NULL,17,9,2015,'192.168.1.100'),(630,'store-60/my/detail/48',60,'page','::1','Google Chrome',12,57,NULL,17,9,2015,'192.168.1.100'),(631,'store-60/my/detail/48',60,'page','::1','Google Chrome',12,59,NULL,17,9,2015,'192.168.1.100'),(632,'store-60/my/detail/48',60,'page','::1','Google Chrome',1,1,NULL,17,9,2015,'192.168.1.100'),(633,'store-60/my/detail/48',60,'page','::1','Google Chrome',1,1,NULL,17,9,2015,'192.168.1.100'),(634,'store-60/my/detail/48',60,'page','::1','Google Chrome',1,2,NULL,17,9,2015,'192.168.1.100'),(635,'store-60/my/detail/48',60,'page','::1','Google Chrome',1,2,NULL,17,9,2015,'192.168.1.100'),(636,'store-60/my/detail/48',60,'page','::1','Google Chrome',1,3,NULL,17,9,2015,'192.168.1.100'),(637,'store-60/my/detail/48',60,'page','::1','Google Chrome',1,3,NULL,17,9,2015,'192.168.1.100'),(638,'store-60/my/detail/48',60,'page','::1','Google Chrome',1,4,NULL,17,9,2015,'192.168.1.100'),(639,'store-60/my/detail/48',60,'page','::1','Google Chrome',1,6,NULL,17,9,2015,'192.168.1.100'),(640,'store-60/my/detail/48',60,'page','::1','Google Chrome',1,10,NULL,17,9,2015,'192.168.1.100'),(641,'store-60/my/detail/48',60,'page','::1','Google Chrome',1,23,NULL,17,9,2015,'192.168.1.100'),(642,'store-60/my/detail/48',60,'page','::1','Google Chrome',1,24,NULL,17,9,2015,'192.168.1.100'),(643,'store-60/my/detail/48',60,'page','::1','Google Chrome',1,24,NULL,17,9,2015,'192.168.1.100'),(644,'store-60/my/detail/48',60,'page','::1','Google Chrome',1,25,NULL,17,9,2015,'192.168.1.100'),(645,'store-60/my/detail/48',60,'page','::1','Google Chrome',2,33,NULL,17,9,2015,'192.168.1.100'),(646,'store-60/my/detail/48',60,'page','::1','Google Chrome',2,36,NULL,17,9,2015,'192.168.1.100'),(647,'store-60/my/detail/48',60,'page','::1','Google Chrome',2,49,NULL,17,9,2015,'192.168.1.100'),(648,'store-60/my/detail/48',60,'page','::1','Google Chrome',2,51,NULL,17,9,2015,'192.168.1.100'),(649,'store-60/my/detail/48',60,'page','::1','Google Chrome',2,53,NULL,17,9,2015,'192.168.1.100'),(650,'store-60/my/detail/48',60,'page','::1','Google Chrome',2,57,NULL,17,9,2015,'192.168.1.100'),(651,'store-60/my/detail/48',60,'page','::1','Google Chrome',3,10,NULL,17,9,2015,'192.168.1.100'),(652,'store-60/my/detail/48',60,'page','::1','Google Chrome',3,11,NULL,17,9,2015,'192.168.1.100'),(653,'store-60/my/detail/48',60,'page','::1','Google Chrome',3,11,NULL,17,9,2015,'192.168.1.100'),(654,'store-60/my/detail/48',60,'page','::1','Google Chrome',3,11,NULL,17,9,2015,'192.168.1.100'),(655,'store-60/my/detail/48',60,'page','::1','Google Chrome',3,12,NULL,17,9,2015,'192.168.1.100'),(656,'store-60/my/detail/48',60,'page','::1','Google Chrome',3,12,NULL,17,9,2015,'192.168.1.100'),(657,'store-60/my/detail/48',60,'page','::1','Google Chrome',3,12,NULL,17,9,2015,'192.168.1.100'),(658,'store-60/my/detail/48',60,'page','::1','Google Chrome',3,13,NULL,17,9,2015,'192.168.1.100'),(659,'store-60/my/detail/48',60,'page','::1','Google Chrome',3,14,NULL,17,9,2015,'192.168.1.100'),(660,'store-60/my/detail/48',60,'page','::1','Google Chrome',3,14,NULL,17,9,2015,'192.168.1.100'),(661,'store-60/my/detail/48',60,'page','::1','Google Chrome',3,15,NULL,17,9,2015,'192.168.1.100'),(662,'store-60/my/detail/48',60,'page','::1','Google Chrome',3,16,NULL,17,9,2015,'192.168.1.100'),(663,'store-60/my/detail/48',60,'page','::1','Google Chrome',3,17,NULL,17,9,2015,'192.168.1.100'),(664,'store-60/my/detail/48',60,'page','::1','Google Chrome',3,17,NULL,17,9,2015,'192.168.1.100'),(665,'store-60/my/detail/48',60,'page','::1','Google Chrome',3,18,NULL,17,9,2015,'192.168.1.100'),(666,'store-60/my/detail/48',60,'page','::1','Google Chrome',3,19,NULL,17,9,2015,'192.168.1.100'),(667,'store-60/my/detail/48',60,'page','::1','Google Chrome',3,20,NULL,17,9,2015,'192.168.1.100'),(668,'store-60/my/detail/48',60,'page','::1','Google Chrome',3,20,NULL,17,9,2015,'192.168.1.100'),(669,'store-60/my/detail/48',60,'page','::1','Google Chrome',3,21,NULL,17,9,2015,'192.168.1.100'),(670,'store-60/my/detail/48',60,'page','::1','Google Chrome',3,22,NULL,17,9,2015,'192.168.1.100'),(671,'store-60/my/detail/48',60,'page','::1','Google Chrome',3,22,NULL,17,9,2015,'192.168.1.100'),(672,'store-60/my/detail/48',60,'page','::1','Google Chrome',3,26,NULL,17,9,2015,'192.168.1.100'),(673,'store-60/my/detail/48',60,'page','::1','Google Chrome',3,26,NULL,17,9,2015,'192.168.1.100'),(674,'store-60/my/detail/48',60,'page','::1','Google Chrome',3,26,NULL,17,9,2015,'192.168.1.100'),(675,'store-60/my/detail/48',60,'page','::1','Google Chrome',3,26,NULL,17,9,2015,'http://localhost/psarnetwork/public/store-60/my/detail/48'),(676,'store-60/my/detail/48',60,'page','::1','Google Chrome',3,27,NULL,17,9,2015,'http://localhost/psarnetwork/public/store-60/my/detail/48'),(677,'store-60/my/detail/48',60,'page','::1','Google Chrome',3,27,NULL,17,9,2015,'192.168.1.100'),(678,'store-60/my/detail/48',60,'page','::1','Google Chrome',3,28,NULL,17,9,2015,'192.168.1.100'),(679,'store-60/my/detail/48',60,'page','::1','Google Chrome',3,28,NULL,17,9,2015,'192.168.1.100'),(680,'store-60/my/detail/48',60,'page','::1','Google Chrome',3,29,NULL,17,9,2015,'192.168.1.100'),(681,'store-60/my/detail/48',60,'page','::1','Google Chrome',3,31,NULL,17,9,2015,'192.168.1.100'),(682,'store-60/my/detail/48',60,'page','::1','Google Chrome',3,31,NULL,17,9,2015,'http://localhost/psarnetwork/public/store-60/my/detail/48'),(683,'store-60/my/detail/48',60,'page','::1','Google Chrome',3,32,NULL,17,9,2015,'192.168.1.100'),(684,'store-60/my/detail/48',60,'page','::1','Google Chrome',3,32,NULL,17,9,2015,'192.168.1.100'),(685,'store-60/my/detail/48',60,'page','::1','Google Chrome',3,34,NULL,17,9,2015,'192.168.1.100'),(686,'store-60/my/detail/48',60,'page','::1','Google Chrome',3,34,NULL,17,9,2015,'192.168.1.100'),(687,'store-60/my/detail/48',60,'page','::1','Google Chrome',3,37,NULL,17,9,2015,'192.168.1.100'),(688,'store-60/my/detail/48',60,'page','::1','Google Chrome',3,38,NULL,17,9,2015,'192.168.1.100'),(689,'store-60/my/detail/48',60,'page','::1','Google Chrome',3,41,NULL,17,9,2015,'192.168.1.100'),(690,'store-60/my/detail/48',60,'page','::1','Google Chrome',3,41,NULL,17,9,2015,'192.168.1.100'),(691,'store-60/my/detail/48',60,'page','::1','Google Chrome',3,44,NULL,17,9,2015,'192.168.1.100'),(692,'store-60/my/detail/48',60,'page','::1','Google Chrome',3,49,NULL,17,9,2015,'192.168.1.100'),(693,'store-60/my/detail/48',60,'page','::1','Google Chrome',3,50,NULL,17,9,2015,'192.168.1.100'),(694,'store-60/my/detail/48',60,'page','::1','Google Chrome',3,55,NULL,17,9,2015,'192.168.1.100'),(695,'store-60/my/detail/48',60,'page','::1','Google Chrome',3,55,NULL,17,9,2015,'192.168.1.100'),(696,'store-60/my/detail/48',60,'page','::1','Google Chrome',3,57,NULL,17,9,2015,'192.168.1.100'),(697,'store-60/my/detail/48',60,'page','::1','Google Chrome',4,3,NULL,17,9,2015,'192.168.1.100'),(698,'store-60/my/detail/48',60,'page','::1','Google Chrome',4,4,NULL,17,9,2015,'192.168.1.100'),(699,'store-60/my/detail/48',60,'page','::1','Google Chrome',4,11,NULL,17,9,2015,'192.168.1.100'),(700,'store-60/my/detail/48',60,'page','::1','Google Chrome',4,12,NULL,17,9,2015,'192.168.1.100'),(701,'store-60/my/detail/48',60,'page','::1','Google Chrome',4,14,NULL,17,9,2015,'192.168.1.100'),(702,'store-60/my/detail/48',60,'page','::1','Google Chrome',4,14,NULL,17,9,2015,'192.168.1.100'),(703,'store-60/my/detail/48',60,'page','::1','Google Chrome',4,14,NULL,17,9,2015,'192.168.1.100'),(704,'store-60/my/detail/48',60,'page','::1','Google Chrome',4,15,NULL,17,9,2015,'192.168.1.100'),(705,'store-60/my/detail/48',60,'page','::1','Google Chrome',4,18,NULL,17,9,2015,'192.168.1.100'),(706,'store-60/my/detail/48',60,'page','::1','Google Chrome',4,27,NULL,17,9,2015,'192.168.1.100'),(707,'store-60/my/detail/48',60,'page','::1','Google Chrome',4,28,NULL,17,9,2015,'192.168.1.100'),(708,'store-60/my/detail/48',60,'page','::1','Google Chrome',4,29,NULL,17,9,2015,'192.168.1.100'),(709,'store-60/my/detail/48',60,'page','::1','Google Chrome',4,29,NULL,17,9,2015,'192.168.1.100'),(710,'store-60/my/detail/48',60,'page','::1','Google Chrome',4,29,NULL,17,9,2015,'192.168.1.100'),(711,'store-60/my/detail/48',60,'page','::1','Google Chrome',4,34,NULL,17,9,2015,'192.168.1.100'),(712,'store-60/my/detail/48',60,'page','::1','Google Chrome',4,35,NULL,17,9,2015,'192.168.1.100'),(713,'store-60/my/detail/48',60,'page','::1','Google Chrome',4,35,NULL,17,9,2015,'192.168.1.100'),(714,'store-60/my/detail/48',60,'page','::1','Google Chrome',4,36,NULL,17,9,2015,'192.168.1.100'),(715,'store-60/my/detail/48',60,'page','::1','Google Chrome',4,37,NULL,17,9,2015,'192.168.1.100'),(716,'store-60/my/detail/48',60,'page','::1','Google Chrome',4,37,NULL,17,9,2015,'192.168.1.100'),(717,'store-60/my/detail/48',60,'page','::1','Google Chrome',4,40,NULL,17,9,2015,'192.168.1.100'),(718,'store-60/my/detail/48',60,'page','::1','Google Chrome',4,42,NULL,17,9,2015,'192.168.1.100'),(719,'store-60/my/detail/48',60,'page','::1','Google Chrome',4,43,NULL,17,9,2015,'192.168.1.100'),(720,'store-60/my/detail/48',60,'page','::1','Google Chrome',4,45,NULL,17,9,2015,'192.168.1.100'),(721,'store-60/my/detail/48',60,'page','::1','Google Chrome',4,45,NULL,17,9,2015,'192.168.1.100'),(722,'store-60/my/detail/48',60,'page','::1','Google Chrome',4,47,NULL,17,9,2015,'192.168.1.100'),(723,'store-60/my/detail/48',60,'page','::1','Google Chrome',4,48,NULL,17,9,2015,'192.168.1.100'),(724,'store-60/my/detail/48',60,'page','::1','Google Chrome',4,50,NULL,17,9,2015,'192.168.1.100'),(725,'store-60/my/detail/48',60,'page','::1','Google Chrome',4,51,NULL,17,9,2015,'192.168.1.100'),(726,'store-60/my/detail/48',60,'page','::1','Google Chrome',4,51,NULL,17,9,2015,'192.168.1.100'),(727,'store-60',60,'page','::1','Google Chrome',4,56,NULL,17,9,2015,'http://localhost/psarnetwork/public/store-60/my/detail/48'),(728,'store-60/my/detail/48',60,'page','::1','Google Chrome',4,56,NULL,17,9,2015,'http://localhost/psarnetwork/public/store-60'),(729,'store-60',60,'page','::1','Google Chrome',10,25,NULL,18,9,2015,'http://localhost/psarnetwork/public/product/details/48'),(730,'store-60/my/detail/48',60,'page','::1','Google Chrome',10,25,NULL,18,9,2015,'http://localhost/psarnetwork/public/store-60'),(731,'store-60/my/detail/48',60,'page','::1','Google Chrome',10,31,NULL,18,9,2015,'192.168.1.100'),(732,'store-60/my/detail/48',60,'page','::1','Google Chrome',10,32,NULL,18,9,2015,'192.168.1.100'),(733,'store-60',60,'page','::1','Google Chrome',8,5,NULL,21,9,2015,'http://localhost/psarnetwork/public/product/details/48'),(734,'store-60/my/detail/48',60,'page','::1','Google Chrome',8,5,NULL,21,9,2015,'http://localhost/psarnetwork/public/store-60'),(735,'store-60',60,'page','::1','Google Chrome',8,5,NULL,21,9,2015,'http://localhost/psarnetwork/public/store-60/my/detail/48'),(736,'store-60/search/Computer%20Software%20Network%20Hardware',60,'page','::1','Google Chrome',8,6,NULL,21,9,2015,'http://localhost/psarnetwork/public/store-60'),(737,'store-60/search/Computer-Accessory',60,'page','::1','Google Chrome',8,6,NULL,21,9,2015,'http://localhost/psarnetwork/public/store-60/search/Computer%20Software%20Network%20Hardware'),(738,'store-60/my/detail/48',60,'page','::1','Google Chrome',8,6,NULL,21,9,2015,'http://localhost/psarnetwork/public/store-60/search/Computer-Accessory'),(739,'store-60',60,'page','::1','Google Chrome',8,6,NULL,21,9,2015,'http://localhost/psarnetwork/public/store-60/my/detail/48'),(740,'store-60/my/detail/48',60,'page','::1','Google Chrome',8,7,NULL,21,9,2015,'http://localhost/psarnetwork/public/store-60'),(741,'store-60',60,'page','::1','Google Chrome',8,18,NULL,21,9,2015,'http://localhost/psarnetwork/product/details/48'),(742,'store-60/my/detail/48',60,'page','::1','Google Chrome',8,18,NULL,21,9,2015,'http://localhost/psarnetwork/store-60'),(743,'store-60/search/Computer%20Software%20Network%20Hardware',60,'page','::1','Google Chrome',8,18,NULL,21,9,2015,'http://localhost/psarnetwork/store-60/my/detail/48'),(744,'store-60',60,'page','::1','Google Chrome',8,18,NULL,21,9,2015,'http://localhost/psarnetwork/store-60/my/detail/48'),(745,'store-59',59,'page','::1','Google Chrome',8,19,NULL,21,9,2015,'http://localhost/psarnetwork//member/login'),(746,'store-59',59,'page','::1','Google Chrome',8,26,NULL,21,9,2015,'http://localhost/psarnetwork/'),(747,'store-59/my/detail/49',59,'page','::1','Google Chrome',8,26,NULL,21,9,2015,'http://localhost/psarnetwork/store-59'),(748,'store-59',59,'page','::1','Google Chrome',8,26,NULL,21,9,2015,'http://localhost/psarnetwork/store-59'),(749,'store-59/my/detail/49',59,'page','::1','Google Chrome',8,26,NULL,21,9,2015,'http://localhost/psarnetwork/store-59'),(750,'store-59',59,'page','::1','Google Chrome',8,27,NULL,21,9,2015,'http://localhost/psarnetwork/store-59/my/detail/49'),(751,'store-60',60,'page','::1','Google Chrome',5,53,NULL,22,9,2015,'http://localhost/psarnetwork/product/details/48');

/*Table structure for table `district` */

DROP TABLE IF EXISTS `district`;

CREATE TABLE `district` (
  `id` int(11) NOT NULL AUTO_INCREMENT,
  `dis_name_en` varchar(150) COLLATE utf8_unicode_ci NOT NULL,
  `dis_name_km` varchar(250) COLLATE utf8_unicode_ci DEFAULT NULL,
  `dis_ordering` int(11) DEFAULT NULL,
  `dis_lat_long` varchar(150) COLLATE utf8_unicode_ci DEFAULT NULL,
  `dis_zipcode` int(150) DEFAULT NULL,
  `province_id` int(11) DEFAULT NULL,
  PRIMARY KEY (`id`),
  UNIQUE KEY `dis_name` (`dis_name_en`)
) ENGINE=InnoDB AUTO_INCREMENT=190 DEFAULT CHARSET=utf8 COLLATE=utf8_unicode_ci;

/*Data for the table `district` */

insert  into `district`(`id`,`dis_name_en`,`dis_name_km`,`dis_ordering`,`dis_lat_long`,`dis_zipcode`,`province_id`) values (1,'Malai','',NULL,'13.416667, 102.6',NULL,24),(2,'Svay Chek','ស្វាយចេក',NULL,'13.666667, 103',108,24),(3,'Thma Puok',NULL,NULL,'13.75, 103',107,24),(4,'Serei Saophoan',NULL,NULL,'13.583333, 102.983333',106,24),(5,'Ou Chrov','ស្រុកអូរជ្រៅ',NULL,'13.65, 102.566667',105,24),(6,'Preah Netr Preah','ព្រះនេត្រព្រះ',NULL,'13.616667, 103.25',104,24),(7,'Phnom Srok','ភ្នំស្រុក',NULL,'13.783333, 103.166667',103,24),(8,'Mongkol Borey','មង្គលបូរី',NULL,'13.541667, 103.025',102,24),(9,'RukhaKiri','រុក្ខាគិរី',NULL,'',0,15),(10,'Koas Krala','កោះក្រឡ',NULL,'12.761224, 103.261657',213,15),(11,'Kamrieng','កំរៀង',NULL,'13.277473, 102.553039',212,15),(12,'Phnum Proek','ភ្នំព្រឹក',NULL,'13.348641, 102.566600',211,15),(13,'Sampov Loun','សំពៅលូន',NULL,'13.386066, 102.460598',210,15),(14,'Samlout','សំឡូត',NULL,'12.794274, 102.858592',209,15),(15,'Sangkae','សង្កែ',NULL,'13.213065, 103.403554',208,15),(16,'Rotanak Mondol','រតនមណ្ឌល',NULL,'13.055562, 102.853211',207,15),(17,'Moung Ruessei','មោងឫស្សី',NULL,'12.890136, 103.453944',206,15),(18,'Ek Phnom','ឯកភ្នំ',NULL,'13.115823, 103.160260',205,15),(19,'Bavel','បវេល',NULL,'13.263695, 102.880623',204,15),(20,'Battambang','បាត់ដំបង',NULL,'13.1, 103.2',1907,15),(21,'Thma Koul','ថ្មគោល',NULL,'13.326476, 103.039527',202,15),(22,'Banan','បាណន់',NULL,'12.950017, 103.144412',201,15),(23,'Stueng Trang','ស្ទឹងត្រង់',NULL,'12.257222, 105.536111',315,16),(24,'Srey Santhor','ស្រីសន្ធរ',NULL,'11.841944, 105.125833',314,16),(25,'Prey Chhor','ព្រៃឈរ',NULL,'12.050278, 105.256944',313,16),(26,'Koh Sotin','កោះសុទិន',NULL,'11.887778, 105.413333',308,16),(27,'Kang Meas','គងមាស',NULL,'11.943056, 105.270556',307,16),(28,'Kampong Siem','កំពង់សៀម',NULL,'12.014444, 105.4175',306,16),(29,'Kampong Cham','កំពង់ចាម',NULL,'11.911111, 105.854167',305,16),(30,'Cheung Prey','ជើងព្រៃ',NULL,'12.051111, 105.070833',303,16),(31,'Chamkar Leu','ចំការលើ',NULL,'12.314167, 105.2775',302,16),(32,'Batheay','បាធាយ',NULL,'11.996111, 104.944444',301,16),(33,'Tuek Phos','ទឹកផុស',NULL,'12.016667, 104.533333',408,17),(34,'Sameakki Mean Chey','សាមគ្គីមានជ័យ',NULL,'11.666667, 104.666667',407,17),(35,'Rolea B\'ier','រលាប្អៀរ',NULL,'12.2, 104.65',406,17),(36,'Kampong Tralach','កំពង់ត្រឡាច',NULL,'11.933333, 104.716667',405,17),(37,'Kampong Leaeng','កំពងលែង',NULL,'12.266667, 104.716667',404,17),(38,'Kampong Chhnang','កំពង់ឆ្នាំង',NULL,'12.25, 104.666667',403,17),(39,'Chol Kiri','ជលគីរី',NULL,'12.166667, 104.866667',402,17),(40,'Baribour','បរិបូណ៌',NULL,'12.433333, 104.45',401,17),(41,'Thpong','ថ្ពង',NULL,'11.733333, 104.433333',508,18),(42,'Samraong Tong','សំរោងទង',NULL,'11.466667, 104.533333',507,18),(43,'Phnom Sruoch','ភ្នំស្រួច',NULL,'11.4, 104.4',506,18),(44,'Oudong','ឧដុង្គ',NULL,'11.8, 104.75',505,18),(45,'Aoral','ឱរ៉ាល់',NULL,'11.683333, 104.116667',504,18),(46,'Kong Pisei','គងពិសី',NULL,'11.366667, 104.65',503,18),(47,'Chbar Mon','ច្បារមន',NULL,'11.45, 104.5',502,18),(48,'Basedth','បរសេដ្ឋ',NULL,'11.2, 104.583333',501,18),(49,'Stoung','ស្ទោង',NULL,'12.833333, 104.583333',608,12),(50,'Santuk','សន្ទុក',NULL,'12.666667, 105.5',607,12),(51,'Sandaan','សណ្ដាន់',NULL,'13.327739, 105.312152',606,12),(52,'Prasat Sambour','ប្រាសាទសម្បូរ',NULL,'12.943034, 105.169416',605,12),(53,'Prasat Balangk','ប្រាសាទបល្ល័ង្ក',NULL,'13.237431, 104.779346',604,12),(54,'Stueng Saen','ស្ទឹងសែន',NULL,'12.806640, 104.883127',603,12),(55,'Kampong Svay','កំពង់ស្វាយ',NULL,'12.583333, 104.75',602,12),(56,'Baray','បារាយណ៍',NULL,'12.333333, 105',601,12),(57,'Kampong Bay','កំពង់បាយ',NULL,'10.6, 104.166667',708,9),(58,'Kampot','កំពត',NULL,'10.6, 104.166667',707,9),(59,'Kampong Trach','កំពង់ត្រាច',NULL,'10.55, 104.466667',706,9),(60,'Dang Tong','ដងទង',NULL,'10.657233, 104.455261',705,9),(61,'Chum Kiri','ជុំគីរី',NULL,'10.85, 104.4',704,9),(62,'Chhouk','ឈូក',NULL,'10.816667, 104.45',703,9),(63,'Banteay Meas','បន្ទាយមាស',NULL,'10.616667, 104.533333',702,9),(64,'Angkor Chey','អង្គរជ័យ',NULL,'10.766667, 104.65',701,9),(65,'Ta Khmao','តាខ្មៅ',NULL,'11.483333, 104.95',811,13),(66,'S\'ang','ស្អាង',NULL,'11.3625, 105.005',810,13),(67,'Ponhea Leu','ពញ្ញាឮ',NULL,'11.815556, 104.799167',809,13),(68,'Angk Snuol','អង្គស្នួល',NULL,'11.491667, 104.656111',808,13),(69,'Mukh Kamphool','មុខកំពូល',NULL,'11.742222, 104.980833',807,13),(70,'Lvea Aem','ល្វាឯម',NULL,'11.54, 105.058889',806,13),(71,'Leuk Daek','លើកដែក',NULL,'11.173611, 105.228611',805,13),(72,'Koh Thum','កោះធំ',NULL,'11.126111, 105.057222',804,13),(73,'Khsach Kandal','ខ្សាច់កណ្តាល',NULL,'11.748333, 105.011389',803,13),(74,'Kien Svay','គៀនស្វាយ',NULL,'11.508889, 105.075278',802,13),(75,'Kandal Stueng','កណ្តាលស្ទឹង',NULL,'11.406667, 104.835556',801,13),(76,'Kampong Seila','កំពង់សីលា',NULL,'11.842312, 103.895082',908,11),(77,'Thma Bang','ថ្មបាំង',NULL,'11.816667, 103.416667',907,11),(78,'Srae Ambel','ស្រែអំបិល',NULL,'11.126570, 103.744248',906,11),(79,'Mondol Seima','មណ្ឌលសីម៉ា',NULL,'12.035816, 103.096304',906,11),(80,'Smach Mean Chey','ស្មាច់មានជ័យ',NULL,'11.646081, 103.028674',904,11),(81,'Koh Kong','កោះកុង',NULL,'11.5, 103.166667',903,11),(82,'Kiri Sakor','គីរីសាគរ',NULL,'11, 103.166667',902,11),(83,'Botum Sakor','បូទុមសាគរ',NULL,'11.156983, 103.312799',901,11),(84,'Snuol','ស្នួល',NULL,'12.166667, 106.583333',1005,7),(85,'Sambour','សំបូរ',NULL,'13.289403, 106.013818',1004,7),(86,'Preaek Prasab','ព្រែកប្រសព្វ',NULL,'12.353620, 106.128679',1003,7),(87,'Kratié','ក្រចេះ',NULL,'13.179590, 105.952191',1002,7),(88,'Chhloung','ឆ្លូង',NULL,'12.527283, 106.027633',1001,7),(89,'Senmonorom','សែនមនោរម្យ',NULL,'12.45, 107.2',1105,3),(90,'Pechr Chenda','ពេជ្រាដា',NULL,'13.012126, 106.989584',1104,3),(91,'Ou Reang','អូររាំង',NULL,'12.333965, 107.168434',1103,3),(92,'Kaoh Nheaek','កោះញែក',NULL,'13.389774, 107.045288',1102,3),(93,'Kaev Seima','កែវសីម៉ា',NULL,'12.3628, 106.8187',1101,3),(94,'Trapeang Prasat','ត្រពាំងប្រាសាទ',NULL,'14.495276, 104.313544',2205,20),(95,'Samraong','សំរោង',NULL,'14.25, 103.583333',2204,20),(96,'Chong Kal','ចុងកាល',NULL,'14.166667, 103.583333',2203,20),(97,'Banteay Ampil','បន្ទាយអំពិល',NULL,'14.25, 103.25',2202,20),(98,'Anlong Veng','អន្លុងវែង',NULL,'14.233333, 104.083333',2201,20),(99,'Tbaeng Meanchey','ត្បែងមានជ័យ',NULL,'13.828628, 104.960021',1307,8),(100,'Sangkom Thmei','សង្គមថ្មី',NULL,'13.669145, 104.795966',1306,8),(101,'Rovieng','រវៀង',NULL,'13.5, 104.833333',1305,8),(102,'Kuleaen','គូលែន',NULL,'13.910588, 104.565468',1304,8),(103,'Choam Khsant','ជាំក្សាន្ត',NULL,'14.166667, 104.916667',1303,8),(104,'Chhaeb','ឆែប',NULL,'14.245870, 105.418367',1302,8),(105,'Chey Saen','ជ័យសែន',NULL,'13.753517, 105.343437',1301,8),(106,'Veal Veang','វាលវែង',NULL,'12.366667, 103.25',1506,19),(107,'Pursat','ពោធិ៍សាត់',NULL,'12.621782, 103.907415',3166,19),(108,'Phnum Kravanh','ភ្នុំក្រវាញ',NULL,'12.333333, 103.75',1504,19),(109,'Krakor','ក្រគរ',NULL,'12.516667, 104.2',1503,19),(110,'Kandieng','កណ្ដៀង',NULL,'12.566667, 104.033333',1502,19),(111,'Bakan','បាកាន',NULL,'12.6, 103.783333',1501,19),(112,'Sithor Kandal','ស៊ីធរកណ្ដាល',NULL,'11.766667, 105.366667',1412,22),(113,'Kampong Leav','កំពង់លាវ',NULL,'11.483333, 105.316667',1411,22),(114,'Prey Veaeng','ព្រៃវែង',NULL,'11.483333, 105.316667',1410,22),(115,'Preah Sdach','ព្រះស្ដេច',NULL,'11.083333, 105.35',1409,22),(116,'Pea Reang','ពារាំង',NULL,'11.666667, 105.183333',1408,22),(117,'Peam Ro','ពាមរក៏',NULL,'11.266667, 105.283333',1407,22),(118,'Peam Chor','ពាមជរ',NULL,'11.1, 105.233333',1406,22),(119,'Me Sang','មេសាង',NULL,'11.3, 105.55',1405,22),(120,'Kanhchriech','កញ្ច្រៀច',NULL,'11.7, 105.533333',1404,22),(121,'Kampong Trabaek','កំពង់ត្របែក',NULL,'11.165180, 105.483320',1403,22),(122,'Kamchay Mear','កំចាយមារ',NULL,'11.566667, 105.7',1402,22),(123,'Ba Phnum','បាភ្នំ',NULL,'11.328724, 105.452583',1401,22),(124,'Veun Sai','វើនសៃ',NULL,'14.1472, 106.8173',1609,2),(125,'Ta Veaeng','តាវែង',NULL,'14.033333, 107.116667',1408,2),(126,'Ou Ya Dav','អូរយ៉ាដាវ',NULL,'13.5205, 107.4326',1407,2),(127,'Ou Chum','អូរជុំ',NULL,'13.8407, 107.0302',1406,2),(128,'Lumphat','លំផាត់',NULL,'13.416667, 107',1605,2),(129,'Koun Mom','កូនមុំ',NULL,'13.745958, 106.794834',1604,2),(130,'Bar Kaev','បាគាវ',NULL,'13.6927, 107.2197',1603,2),(131,'Banlung','បានលុង',NULL,'13.74, 107',1602,2),(132,'Andoung Meas','អណ្តូងមាស',NULL,'13.8807, 107.3474',1601,2),(133,'Varin','វ៉ារិន',NULL,'13.75, 103.916667',1714,4),(134,'Svay Leu','ស្វាយលើ',NULL,'13.981929, 104.269695',1713,4),(135,'Srei Snam','ស្រីស្នំ',NULL,'13.75, 103.916667',1712,4),(136,'Sout Nikom','សូទ្រនិគម',NULL,'13.451614, 104.138772',1711,4),(137,'Siem Reap','សៀមរាប',NULL,'13.362222, 103.859722',1907,4),(138,'Prasat Bakong','ប្រាសាទបាគង',NULL,'13.446319, 103.968687',1709,4),(139,'Puok','ពួក',NULL,'13.416667, 103.666667',1707,4),(140,'Kralanh','ក្រលាញ់',NULL,'13.583333, 103.5',1706,4),(141,'Chi Kraeng','ជីក្រែង',NULL,'13.364957, 104.368315',1704,4),(142,'Banteay Srei','បន្ទាយស្រី',NULL,'13.433333, 103.85',1703,4),(143,'Angkor Thom','អង្គរធំ',NULL,'13.433333, 103.85',1702,4),(144,'Angkor Chum','អង្គរជុំ',NULL,'4.166667, 104.333333',1701,4),(145,'Thala Barivat','ថាឡាបារីវ៉ាត់',NULL,'13.930695, 105.871128',1905,6),(146,'Stung Treng','ស្ទឹងត្រែង',NULL,'13.583333, 106.25',1904,6),(147,'Siem Pang','សៀមប៉ាង',NULL,'14.244819, 106.438734',1903,6),(148,'Siem Bouk','សៀមបូក',NULL,'13.451452, 105.713778',1902,6),(149,'Sesan','សេសាន',NULL,'13.657085, 106.384582',1901,6),(150,'Svay Theab','ស្វាយទៀប',NULL,'11.189441, 105.936696',2007,23),(151,'Svay Rieng','ស្វាយរៀង',NULL,'11.119594, 105.800781',2006,23),(152,'Svay Chrom','ស្វាយជ្រុំ',NULL,'11.200843, 105.694313',2005,23),(153,'Romeas Haek','រមាសហែក',NULL,'11.491624, 105.736674',2004,23),(154,'Romdoul','រំដួល',NULL,'11.302309, 105.824378',2003,23),(155,'Kampong Rou','កំពង់រោទ៍',NULL,'10.926497, 105.943093',2002,23),(156,'Chanthrea','ចន្រ្ទា',NULL,'11.004674, 106.084317',2001,23),(157,'Treang','ទ្រាំង',NULL,'10.833333, 104.75',2110,14),(158,'Tram Kak','ត្រាំកក់',NULL,'11, 104.583333',2109,14),(159,'Doun Kaev','ដូនកែវ',NULL,'11.027876, 104.789268',2108,14),(161,'Prey Kabbas','ព្រៃកប្បាស',NULL,'11.245541, 104.916644',2106,14),(162,'Kaoh Andaet','កោះអណ្តែត',NULL,'10.850978, 104.910564',2105,14),(163,'Kiri Vong','គីរីវង្ស',NULL,'10.736174, 104.799789',2104,14),(164,'Bourei Cholsar','បូរីជលសារ',NULL,'10.938353, 105.014206',2103,14),(165,'Bathi','បាទី',NULL,'11.363072, 104.802618',2102,14),(166,'Angkor Borei','អង្គរបុរី',NULL,'11.028809, 104.915198',2101,14),(167,'Kep','កែប',NULL,'10.542561, 104.353781',0,10),(168,'Damnak Chang\'aeur','ដំណាក់ចង្អើរ',NULL,'10.526946, 104.366774',0,10),(169,'Sala Krau','សាលាក្រៅ',NULL,'13.011453, 102.667351',2402,21),(170,'Pailin','ប៉ៃលិន',NULL,'12.831924, 102.665477',2401,21),(171,'Por Sen Chey','ฺពោធិសែនជ័យ',NULL,'11.572953, 104.775741',0,1),(172,'Sen Sok','សែនសុខ',NULL,'11.585988, 104.892278',0,1),(173,'Russei Keo','ឫស្សីកែវ',NULL,'11.613477, 104.871135',12300,1),(174,'Meanchey','មានជ័យ',NULL,'11.532856, 104.949548',12350,1),(175,'Dangkao','ដង្កោ',NULL,'11.483122, 104.820175',12400,1),(176,'Toul Kork','ទួលគោក',NULL,'11.573080, 104.897976',12150,1),(177,'Prampi Makara','៧មករា',NULL,'11.563720, 104.912472',12250,1),(178,'Daun Penh','ដូនពេញ',NULL,'11.569156, 104.923808',12200,1),(179,'Chamkarmon','ចំការមន',NULL,'11.549116, 104.920557',12300,1),(180,'Stueng Hav','ស្ទឹងហាវ',NULL,'10.704459, 103.612661',1803,5),(181,'Prey Nob','ព្រៃនប់',NULL,'10.625215, 103.780299',1802,5),(182,'Mittakpheap','មិត្តភាព',NULL,'10.629221, 103.529191',1801,5),(183,'Suong','សួង',NULL,'11.918072, 105.652986',0,25),(184,'Tbuong Khmum','ត្បូងឃ្មុំ',NULL,'11.947080, 105.634061',316,25),(185,'Ponhea Kraek','ពញ្ញាក្រែក',NULL,'11.759490, 105.920005',312,25),(186,'Ou Reang Ov','អូរាំងឪ',NULL,'11.845744, 105.524712',311,25),(187,'Memot','មេមត់',NULL,'11.827660, 106.182690',310,25),(188,'Krouch Chhmar','ក្រូចឆ្មារ',NULL,'12.223141, 105.637751',309,25),(189,'Dambae','ដំបែ',NULL,'11.935139, 105.922880',304,25);

/*Table structure for table `image` */

DROP TABLE IF EXISTS `image`;

CREATE TABLE `image` (
  `id` int(11) NOT NULL AUTO_INCREMENT,
  `title` varchar(100) DEFAULT NULL,
  `path` varchar(200) DEFAULT NULL,
  `post_id` int(11) DEFAULT NULL,
  `type` varchar(100) DEFAULT NULL,
  PRIMARY KEY (`id`)
) ENGINE=InnoDB DEFAULT CHARSET=utf32;

/*Data for the table `image` */

/*Table structure for table `layout` */

DROP TABLE IF EXISTS `layout`;

CREATE TABLE `layout` (
  `lay_id` int(11) NOT NULL AUTO_INCREMENT,
  `user_id` int(11) DEFAULT NULL,
  `lay_title` varchar(100) DEFAULT NULL,
  `lay_keyword` varchar(200) DEFAULT NULL,
  `lay_keyword_desc` text,
  PRIMARY KEY (`lay_id`)
) ENGINE=InnoDB DEFAULT CHARSET=utf8;

/*Data for the table `layout` */

/*Table structure for table `license` */

DROP TABLE IF EXISTS `license`;

CREATE TABLE `license` (
  `id` int(11) NOT NULL AUTO_INCREMENT,
  `name_en` varchar(250) NOT NULL,
  `name_km` varchar(250) NOT NULL,
  PRIMARY KEY (`id`)
) ENGINE=InnoDB AUTO_INCREMENT=5 DEFAULT CHARSET=utf8;

/*Data for the table `license` */

insert  into `license`(`id`,`name_en`,`name_km`) values (1,'commercial','ពាណិជ្ជកម្ម'),(2,'free','មិនគឹតថ្លៃ'),(3,'testing','សាកល្បង'),(4,'expired','ផុតកំណត់');

/*Table structure for table `m_category` */

DROP TABLE IF EXISTS `m_category`;

CREATE TABLE `m_category` (
  `id` int(11) NOT NULL AUTO_INCREMENT,
  `name_en` varchar(100) DEFAULT NULL,
  `name_km` varchar(100) DEFAULT NULL,
  `parent_id` int(11) DEFAULT NULL,
  `status` int(11) DEFAULT '1',
  PRIMARY KEY (`id`)
) ENGINE=InnoDB AUTO_INCREMENT=110 DEFAULT CHARSET=utf8;

/*Data for the table `m_category` */

insert  into `m_category`(`id`,`name_en`,`name_km`,`parent_id`,`status`) values (19,'Electronic','អេឡិចត្រូនិច',0,1),(20,'Computer Software Network Hardware','Computer Software Network Hardware',19,1),(21,'Software','Software',20,1),(22,'System Sale','System Sale',21,1),(23,'Software Development','Software Development',21,1),(24,'Software Mantainnace','Software Mantainnace',21,1),(25,'Hardware &Computer','Hardware &Computer',20,1),(26,'KWM-Switch','KWM-Switch',25,1),(27,'Network-Carbinet','Network-Carbinet',25,1),(28,'Router','Router',25,1),(29,'Switch','Switch',25,1),(30,'Hub','Hub',25,1),(31,'UMPC','UMPC',25,1),(32,'Networking-Storage','Networking-Storage',25,1),(33,'Laptop','Laptop',25,1),(34,'Mini-Laptop','Mini-Laptop',25,1),(35,'Desktop','Desktop',25,1),(36,'Server','Server',25,1),(37,'PDAs','PDAs',25,1),(38,'Tablet PC','Tablet PC',25,1),(39,'Tablet PC Stand','Tablet PC Stand',25,1),(40,'Tablet Stylus Pen','Tablet Stylus Pen',25,1),(41,'Printer','Printer',25,1),(42,'Scanner','Scanner',25,1),(43,'UPS','UPS',25,1),(44,'ATM','ATM',25,1),(45,'Projector','Projector',25,1),(46,'Network-Accessory','Network-Accessory',20,1),(47,'Computer Cable&connector','Computer Cable&connector',46,1),(48,'Phone Cable&Connector','Phone Cable&Connector',46,1),(49,'Camara Cable&Connector','Camara Cable&Connector',46,1),(50,'Firewall & VPN Modem','Firewall & VPN Modem',46,1),(51,'Cable Criper','Cable Criper',46,1),(52,'Network Testing Device','Network Testing Device',46,1),(53,'Phone Puncher','Phone Puncher',46,1),(54,'Trunk cable','Trunk cable',46,1),(55,'Computer-Component','Computer-Component',20,1),(56,'Mother Board','Mother Board',55,1),(57,'Powersuply','Powersuply',55,1),(58,'Ram','Ram',55,1),(59,'CPU','CPU',55,1),(60,'Hard Disk','Hard Disk',55,1),(61,'Sound Card','Sound Card',55,1),(62,'VGA Card','VGA Card',55,1),(63,'Network Card','Network Card',55,1),(64,'USB Port','USB Port',55,1),(65,'Monitor','Monitor',55,1),(66,'Laptop-Battery','Laptop-Battery',55,1),(67,'KeyBoard','KeyBoard',55,1),(68,'Mouse','Mouse',55,1),(69,'DVD Room','DVD Room',55,1),(70,'CD Room','CD Room',55,1),(71,'Case&Towers','Case&Towers',55,1),(72,'Rak','Rak',55,1),(73,'Computer-Accessory','Computer-Accessory',20,1),(74,'Fan&Cooling','Fan&Cooling',73,1),(75,'Screen-Protector','Screen-Protector',73,1),(76,'Keyboard-Cover','Keyboard-Cover',73,1),(77,'Mouse Pad','Mouse Pad',73,1),(78,'USB Flash','USB Flash',73,1),(79,'External Hard Disk','External Hard Disk',73,1),(80,'Blank Media','Blank Media',73,1),(81,'Floopy Disk','Floopy Disk',73,1),(82,'DVD Disk','DVD Disk',73,1),(83,'CD Disk','CD Disk',73,1),(84,'Computer-Bag','Computer-Bag',73,1),(85,'Laptop-Bag','Laptop-Bag',73,1),(86,'Laptop-Loling Pad','Laptop-Loling Pad',73,1),(87,'Card Reader','Card Reader',73,1),(88,'Modem','Modem',73,1),(89,'USB Gaget','USB Gaget',73,1),(90,'USB Hub','USB Hub',73,1),(91,'Cleaner-Sweeper','Cleaner-Sweeper',73,1),(92,'Screen-Cleaning Water','Screen-Cleaning Water',73,1),(93,'Computer-Headset','Computer-Headset',73,1),(94,'Computer-Speaker','Computer-Speaker',73,1),(95,'VGA Cable Connector','VGA Cable Connector',73,1),(96,'Power Cable Connector','Power Cable Connector',73,1),(98,'Installation Service','Installation Service',20,1),(99,'Server Setup Envirement','Server Setup Envirement',98,1),(100,'Firewall & VPN Connection','Firewall & VPN Connection',98,1),(101,'Cable Installation Structure','Cable Installation Structure',98,1),(102,'Replication Database Syncronize','Replication Database Syncronize',98,1),(103,'Electronic Consumer','Electronic Consumer',19,1),(104,'Phone','Phone',103,1),(105,'Smart  Phone (Cell Phone)','Smart  Phone (Cell Phone)',104,1),(106,'Normal Phone(Cell Phone)','Normal Phone(Cell Phone)',104,1),(107,'Home Phone','Home Phone',104,1),(108,'Office Desk phone','Office Desk phone',104,1),(109,'Ecom','Ecom',104,1);

/*Table structure for table `m_page` */

DROP TABLE IF EXISTS `m_page`;

CREATE TABLE `m_page` (
  `id` int(11) NOT NULL AUTO_INCREMENT,
  `sys_user_id` int(11) DEFAULT NULL,
  `title_en` varchar(100) DEFAULT NULL,
  `title_km` varchar(50) DEFAULT NULL,
  `short_desc_en` text,
  `short_desc_km` text,
  `status` int(1) DEFAULT '1',
  `create_at` varchar(50) DEFAULT NULL,
  `update_at` varchar(50) DEFAULT NULL,
  `type` varchar(50) DEFAULT 'static',
  `position` int(11) DEFAULT NULL,
  `page_belong_to` int(11) DEFAULT NULL,
  PRIMARY KEY (`id`)
) ENGINE=InnoDB AUTO_INCREMENT=9 DEFAULT CHARSET=utf8;

/*Data for the table `m_page` */

insert  into `m_page`(`id`,`sys_user_id`,`title_en`,`title_km`,`short_desc_en`,`short_desc_km`,`status`,`create_at`,`update_at`,`type`,`position`,`page_belong_to`) values (1,2,'About','dsfd','cvx','cxvcv',1,'2015-01-19','2015-01-19','static',NULL,NULL),(2,NULL,'New Arrival Products','New Arrival Products',NULL,NULL,1,NULL,NULL,'widget',NULL,NULL),(3,NULL,'Hot Promotion Products',NULL,NULL,NULL,1,NULL,NULL,'widget',NULL,NULL),(4,NULL,'Secondhand Products',NULL,NULL,NULL,1,NULL,NULL,'widget',NULL,NULL),(5,NULL,'Monthly Pay  Products',NULL,NULL,NULL,1,NULL,NULL,'widget',NULL,NULL),(6,NULL,'Urgent Sale',NULL,NULL,NULL,1,NULL,NULL,'widget',NULL,NULL),(7,NULL,'Vistor Inormation Box','tool',NULL,NULL,1,NULL,NULL,'tool_visitor_info',NULL,NULL),(8,NULL,'Member Status Box','tool',NULL,NULL,1,NULL,NULL,'tool_memeber_status',NULL,NULL);

/*Table structure for table `market` */

DROP TABLE IF EXISTS `market`;

CREATE TABLE `market` (
  `id` int(11) NOT NULL AUTO_INCREMENT,
  `title_en` varchar(100) DEFAULT NULL,
  `title_km` varchar(100) DEFAULT NULL,
  `created_date` varchar(100) DEFAULT NULL,
  `modify_date` varchar(100) DEFAULT NULL,
  `desc_en` text,
  `desc_km` text,
  `province_id` int(11) DEFAULT NULL,
  `district_id` int(11) DEFAULT NULL,
  `image` varchar(100) DEFAULT NULL,
  `amount_stair` varchar(100) DEFAULT NULL,
  `market_type` int(11) NOT NULL,
  PRIMARY KEY (`id`)
) ENGINE=InnoDB AUTO_INCREMENT=12 DEFAULT CHARSET=utf8;

/*Data for the table `market` */

insert  into `market`(`id`,`title_en`,`title_km`,`created_date`,`modify_date`,`desc_en`,`desc_km`,`province_id`,`district_id`,`image`,`amount_stair`,`market_type`) values (8,'esss-update','ss-update','2014-11-11','2014-12-02','sfds','sss',1,172,'1415719636.jpg','10',2),(9,'Sovana','At The Old','2014-12-04',NULL,'this is the testing of me this is the testing of me this is the testing of me this is the testing of me this is the testing of me this is the testing of me this is the testing of me this is the testing of me this is the testing of me this is the testing of me this is the testing of me this is the testing of me this is the testing of me this is the testing of me this is the testing of me this is the testing of me this is the testing of me this is the testing of me this is the testing of me ','',2,125,'1417698209.png','4',5),(10,'IT companyddddddddd','That isស្វែង','2014-12-04','2015-01-19','This is phom Pehn City company This is phom Pehn City company This is phom Pehn City company This is phom Pehn City company This is phom Pehn City company t isស្វែង','This is phom Pehn City company This is phom Pehn City company This is phom Pehn City company This is phom Pehn City company This is phom Pehn City company t isស្វែងt isស្វែង',6,146,'1417698382.png','2',3),(11,'dzfdf-updated','kfsdf-updated','2015-01-19','2015-01-19','sdf-updated','ssdfd-updated',2,126,'1421684060.jpg','2',2);

/*Table structure for table `migrations` */

DROP TABLE IF EXISTS `migrations`;

CREATE TABLE `migrations` (
  `migration` varchar(255) COLLATE utf8_unicode_ci NOT NULL,
  `batch` int(11) NOT NULL
) ENGINE=InnoDB DEFAULT CHARSET=utf8 COLLATE=utf8_unicode_ci;

/*Data for the table `migrations` */

/*Table structure for table `payment_method` */

DROP TABLE IF EXISTS `payment_method`;

CREATE TABLE `payment_method` (
  `id` int(11) NOT NULL AUTO_INCREMENT,
  `name` varchar(250) NOT NULL,
  PRIMARY KEY (`id`)
) ENGINE=InnoDB AUTO_INCREMENT=4 DEFAULT CHARSET=utf8;

/*Data for the table `payment_method` */

insert  into `payment_method`(`id`,`name`) values (1,'Yearly'),(2,'Montly'),(3,'Contract');

/*Table structure for table `permission` */

DROP TABLE IF EXISTS `permission`;

CREATE TABLE `permission` (
  `id` int(11) NOT NULL AUTO_INCREMENT,
  `permission_name` varchar(200) DEFAULT NULL,
  `permission_name_alias` varchar(200) DEFAULT NULL,
  PRIMARY KEY (`id`)
) ENGINE=InnoDB AUTO_INCREMENT=52 DEFAULT CHARSET=utf8;

/*Data for the table `permission` */

insert  into `permission`(`id`,`permission_name`,`permission_name_alias`) values (1,'admin/users','User'),(2,'admin/create','Create User'),(3,'admin/edit','Edit User'),(4,'admin/delete','Delete User'),(5,'admin/status','Enable User'),(6,'admin/profile','Edit Profile'),(7,'admin/change-password','Change Password'),(8,'admin/dashboard','Dashboard'),(9,'admin/user-group','User Group'),(10,'admin/user-group-add','Create User Group'),(12,'admin/user-group-edit','Edit User Group'),(13,'admin/user-group-delete','Delete User Group'),(14,'admin/pages','Page'),(15,'admin/create-page','Create Page'),(16,'admin/edit-page','Edit Page'),(17,'admin/status-page','Enable Page'),(18,'admin/slideshows','Slideshow'),(19,'admin/create-slideshow','Create Slideshow'),(20,'admin/edit-slideshow','Edit Slideshow'),(21,'admin/delete-slideshow','Delete Slideshow'),(22,'admin/status-slideshow','Enable Slideshow'),(23,'admin/advertisements','Advertisement'),(24,'admin/create-advertisement','Create Advertisement'),(25,'admin/list-ads-positions','List Ads Positions'),(26,'admin/edit-advertisement','Edit Advertisement'),(27,'admin/delete-advertisement','Delete Advertisement'),(28,'admin/status-advertisement','Enable Advertisement'),(29,'admin/categories','Category'),(30,'admin/create-category','Create Category'),(31,'admin/delete-page','Delete Page'),(32,'admin/delete-category','Delete Category'),(33,'admin/status-category','Enable Category'),(34,'admin/markets','Market'),(35,'admin/create-market','Create Market'),(36,'admin/edit-market','Edit Market'),(37,'admin/delete-market','Delete Market'),(38,'admin/list-district','List District'),(39,'admin/delete-page','delete Page'),(42,'admin/edit-category','Edit Category'),(43,'admin/setting-list','Setting'),(46,'admin/setting-add-permission-name','Setting Add Permission'),(48,'admin/setting-delete-permission-name','Setting Delete Permission'),(49,'admin/setting-add-slideshow','Setting Add Slideshow'),(50,'admin/client-user-type','Client User Type'),(51,'admin/client-user-type-edit','Edit Client User Type');

/*Table structure for table `product` */

DROP TABLE IF EXISTS `product`;

CREATE TABLE `product` (
  `id` int(11) NOT NULL AUTO_INCREMENT,
  `title` varchar(100) DEFAULT NULL,
  `price` float DEFAULT NULL,
  `product_service_type_id` int(11) DEFAULT NULL,
  `created_date` varchar(20) DEFAULT NULL,
  `expire_date` varchar(20) DEFAULT NULL,
  `pro_condition_id` int(11) DEFAULT NULL,
  `pro_status` int(11) DEFAULT NULL,
  `pro_transfer_type_id` int(11) DEFAULT NULL,
  `is_publish` int(11) DEFAULT NULL,
  `contact_info` text,
  `file_quotation` text,
  `description` text,
  `view` int(11) DEFAULT '0',
  `s_category_id` varchar(50) NOT NULL,
  `store_id` int(11) NOT NULL,
  `user_id` int(11) NOT NULL,
  `top_up` varchar(255) DEFAULT NULL,
  `point_to_view` int(11) DEFAULT '0',
  `publish_date` varchar(255) DEFAULT NULL,
  `admin_status` int(1) DEFAULT '1',
  `pictures` text COMMENT 'Original Images for popup/detail',
  `thumbnail` text COMMENT 'thumbnail for homepage',
  `title_km` varchar(250) DEFAULT NULL,
  `title_en` varchar(250) DEFAULT NULL,
  PRIMARY KEY (`id`),
  KEY `fk_store_product` (`store_id`)
) ENGINE=InnoDB AUTO_INCREMENT=50 DEFAULT CHARSET=utf8;

/*Data for the table `product` */

insert  into `product`(`id`,`title`,`price`,`product_service_type_id`,`created_date`,`expire_date`,`pro_condition_id`,`pro_status`,`pro_transfer_type_id`,`is_publish`,`contact_info`,`file_quotation`,`description`,`view`,`s_category_id`,`store_id`,`user_id`,`top_up`,`point_to_view`,`publish_date`,`admin_status`,`pictures`,`thumbnail`,`title_km`,`title_en`) values (24,'Aut quae ullam nihil quo ea sed necessitatibus suscipit',418,NULL,NULL,NULL,3,3,5,1,'{\"contactName\":\"dara\",\"contactEmail\":\"dara@gmail.com\",\"contactHP\":\"0972793573\",\"contactLocation\":\"Banteay Meanchey\"}','295f4190f346ab83f0f09ecb2b9beb7be6fdf05e.jpg','In assumenda quae dolore facere dolorem ipsum, labore praesentium dolores aut illum, totam.',1,'90',12,29,'2015-05-30 16:34:21',0,'',1,'[{\"pic\":\"256d068d034ae1c5d0f3d92b9f9263143c2b8c7d.jpg\"},{\"pic\":\"80f643f94a37d037c3127f354ecd0c7f2c163364.jpg\"},{\"pic\":\"0d099205edaeac1f261c99563ed98f75bc9aeedc.jpg\"}]','256d068d034ae1c5d0f3d92b9f9263143c2b8c7d.jpg',NULL,NULL),(25,'Test',12,NULL,NULL,NULL,1,1,1,1,'{\"contactName\":\"Free Demo\",\"contactEmail\":\"freedemo@gmail.com\",\"contactHP\":\"0972793574\",\"contactLocation\":\"Banteay Meanchey\"}',NULL,'sssssssss',0,'21',18,36,'2015-08-05 13:30:08',0,'04/08/2015',0,'[{\"pic\":\"ffc546395b67f470763b69f68255da2c6c1303c2.jpg\"},{\"pic\":\"f1ed5175fd33559df1ab59a6ee1007558eb0333b.jpg\"},{\"pic\":\"08bdc21a15cbe371cc48a3d8449e6d53d69a6c88.jpg\"},{\"pic\":\"b374bfee95519472aac6c27651709ee2e2c6a514.jpg\"}]','ffc546395b67f470763b69f68255da2c6c1303c2.jpg',NULL,NULL),(26,'sds',12,NULL,NULL,NULL,1,1,1,1,'{\"contactName\":\"enterprise\",\"contactEmail\":\"enterprise@gmail.com\",\"contactHP\":\"0972793570\",\"contactLocation\":\"Phnom Penh\"}',NULL,'ss',0,'20',24,42,'2015-08-24 22:49:59',0,'05/08/2015',1,'[{\"pic\":\"1be705ea2d512f5cb6cc1ae785c40f06ebbd2594.png\"},{\"pic\":\"74e0a67932b259eab786dac640b8f4a7b1640ed2.png\"}]','1be705ea2d512f5cb6cc1ae785c40f06ebbd2594.png',NULL,NULL),(27,'rsss',12,NULL,'2015-08-24',NULL,1,1,1,1,'{\"contactName\":\"enterprise\",\"contactEmail\":\"enterprise@gmail.com\",\"contactHP\":\"0972793570\",\"contactLocation\":\"Phnom Penh\"}',NULL,'ss',0,'20',24,42,'2015-08-24 22:50:27',0,'31/08/2015',1,'[{\"pic\":\"7ef1b23f19bbd4c00a62423e1fc2bb18e96e866e.jpg\"},{\"pic\":\"99f1fce0c7c278109db83fda8a23ee28014b7edf.jpg\"}]','7ef1b23f19bbd4c00a62423e1fc2bb18e96e866e.jpg',NULL,NULL),(28,'test',12,NULL,'2015-08-26',NULL,1,1,1,1,'{\"contactName\":\"enterprise\",\"contactEmail\":\"enterprise@gmail.com\",\"contactHP\":\"0972793570\",\"contactLocation\":\"Phnom Penh\"}',NULL,'sfd',0,'20',24,42,'2015-08-26 20:20:21',0,'26/08/2015',1,'[{\"pic\":\"fc3db73db8d1a64830b025bcaeb73d1d7507df89.jpg\"}]','fc3db73db8d1a64830b025bcaeb73d1d7507df89.jpg',NULL,NULL),(36,'test',500,NULL,NULL,NULL,1,1,1,1,'{\"contactName\":\"Kuame Ferrell\",\"contactEmail\":\"admin12@gmail.com\",\"contactHP\":\"+272-71-9546770\",\"contactLocation\":\"\\u1794\\u1793\\u17d2\\u1791\\u17b6\\u1799\\u1798\\u17b6\\u1793\\u1787\\u17d0\\u1799\"}',NULL,'fff',0,'87,73',58,101,NULL,0,'2015-09-13',1,'[{\"pic\":\"120px-Waschen_40.svg.png\"}]','120px-Waschen_40.svg.png',NULL,NULL),(37,'test 001',500,NULL,NULL,NULL,1,1,1,1,'{\"contactName\":\"Kuame Ferrell\",\"contactEmail\":\"admin12@gmail.com\",\"contactHP\":\"+272-71-9546770\",\"contactLocation\":\"\\u1794\\u1793\\u17d2\\u1791\\u17b6\\u1799\\u1798\\u17b6\\u1793\\u1787\\u17d0\\u1799\"}',NULL,'sdf',1,'0',58,101,NULL,0,'2015-09-14',1,'[{\"pic\":\"006.jpg\"}]','006.jpg',NULL,NULL),(38,'TEST 4',500,NULL,NULL,NULL,1,1,1,1,'{\"contactName\":\"Kuame Ferrell\",\"contactEmail\":\"admin12@gmail.com\",\"contactHP\":\"+272-71-9546770\",\"contactLocation\":\"\\u1794\\u1793\\u17d2\\u1791\\u17b6\\u1799\\u1798\\u17b6\\u1793\\u1787\\u17d0\\u1799\"}',NULL,'SDF',0,'0',58,101,NULL,0,'2015-09-14',1,'[{\"pic\":\"002.png\"}]','002.png',NULL,NULL),(39,NULL,NULL,NULL,NULL,NULL,NULL,4,0,NULL,NULL,NULL,NULL,0,'0',58,101,NULL,0,NULL,1,NULL,NULL,NULL,NULL),(40,'TEST 5',500,NULL,NULL,NULL,1,1,1,1,'{\"contactName\":\"Stuart Cobb\",\"contactEmail\":\"admin7@gmail.com\",\"contactHP\":\"+543-45-2297232\",\"contactLocation\":\"\\u1794\\u1793\\u17d2\\u1791\\u17b6\\u1799\\u1798\\u17b6\\u1793\\u1787\\u17d0\\u1799\"}',NULL,'sdf',1,'0',53,96,NULL,0,'2015-09-16',1,'[{\"pic\":\"gzMLw0ObplhnnHnapFPVXjRu1fbc3z.png\"},{\"pic\":\"1_giovannicultrera-classicsardiniangranitecoast.jpg\"},{\"pic\":\"1_chadweisser-sunsetthailand.jpg\"},{\"pic\":\"1_mathiaskentrup_sonnenuntergang2.jpg\"},{\"pic\":\"1_glowingbeaches_hawaii.jpg\"},{\"pic\":\"1_nasaspacescapes_0011_12.jpg\"},{\"pic\":\"1_milenafera-bellybridgecello.jpg\"},{\"pic\":\"1_sunnyshores_cyprus.jpg\"}]','gzMLw0ObplhnnHnapFPVXjRu1fbc3z.png',NULL,NULL),(42,NULL,NULL,NULL,NULL,NULL,NULL,4,0,NULL,NULL,NULL,NULL,0,'0',55,98,NULL,0,NULL,1,NULL,NULL,NULL,NULL),(45,'test 6',500,NULL,NULL,NULL,1,1,1,1,'{\"contactName\":\"Stuart Cobb\",\"contactEmail\":\"admin7@gmail.com\",\"contactHP\":\"+543-45-2297232\",\"contactLocation\":\"dfg\"}',NULL,'fg',0,'0',53,96,NULL,0,'2015-09-17',1,'[{\"pic\":\"005.jpg\"}]','005.jpg',NULL,NULL),(46,'product 01',500,NULL,NULL,NULL,1,1,1,1,'{\"contactName\":\"Ronan Thomas\",\"contactEmail\":\"free@gmail.com\",\"contactHP\":\"+711-94-8124283\",\"contactLocation\":\"\\u1794\\u1793\\u17d2\\u1791\\u17b6\\u1799\\u1798\\u17b6\\u1793\\u1787\\u17d0\\u1799\"}',NULL,'100',0,'0',59,102,NULL,0,'2015-09-17',1,'[{\"pic\":\"5cC9IxxnoUmkbxVXIayK3Z8EOJY94B.png\"}]','5cC9IxxnoUmkbxVXIayK3Z8EOJY94B.png',NULL,NULL),(48,'product 01',200,NULL,NULL,NULL,1,1,1,1,'{\"contactName\":\"Phoebe Sanford\",\"contactEmail\":\"inter@gmail.com\",\"contactHP\":\"+919-88-2651140\",\"contactLocation\":\"\\u1794\\u1793\\u17d2\\u1791\\u17b6\\u1799\\u1798\\u17b6\\u1793\\u1787\\u17d0\\u1799\"}',NULL,'sdf',1,'0',60,103,NULL,0,'2015-09-17',1,'[{\"pic\":\"gqpGDdlBrt0l9jDMJiVeEx5xTDS4TG.png\"},{\"pic\":\"uEFfECDszPNTXDCE4R3jARBYKtbfg2.jpg\"},{\"pic\":\"oKY9R0td3yqBMlp2pRwJM3mqep0iCS.jpg\"},{\"pic\":\"FaTIOuKVIbYWX0UeE9oLokM2fMTYQd.jpg\"},{\"pic\":\"56hWE32zkQgdcJNSRoYZo5Exou90YR.jpg\"},{\"pic\":\"kkIUw0IPAZymRLlIcgGDV0DiSUOrqt.jpg\"},{\"pic\":\"xAAgTra3uuYkEb6jgu9HDTbKCmP8zm.jpg\"}]','gqpGDdlBrt0l9jDMJiVeEx5xTDS4TG.png',NULL,NULL),(49,'test 02',100,NULL,NULL,NULL,1,1,1,1,'{\"contactName\":\"Ronan Thomas\",\"contactEmail\":\"free@gmail.com\",\"contactHP\":\"+711-94-8124283\",\"contactLocation\":\"\\u1794\\u1793\\u17d2\\u1791\\u17b6\\u1799\\u1798\\u17b6\\u1793\\u1787\\u17d0\\u1799\"}',NULL,'sdf',1,'0',59,102,NULL,0,'2015-09-21',1,'[{\"pic\":\"clear-cup-with-tea.jpg\"}]','clear-cup-with-tea.jpg',NULL,NULL);

/*Table structure for table `product_condiction` */

DROP TABLE IF EXISTS `product_condiction`;

CREATE TABLE `product_condiction` (
  `id` int(11) NOT NULL AUTO_INCREMENT,
  `name_en` varchar(100) DEFAULT NULL,
  `name_km` varchar(100) DEFAULT NULL,
  PRIMARY KEY (`id`)
) ENGINE=InnoDB AUTO_INCREMENT=7 DEFAULT CHARSET=utf8;

/*Data for the table `product_condiction` */

insert  into `product_condiction`(`id`,`name_en`,`name_km`) values (1,'New','ថ្មី'),(2,'Second Hand',NULL),(3,'Repaired',NULL),(4,'Old',NULL),(5,'Broken',NULL),(6,'Unusable',NULL);

/*Table structure for table `product_in_category` */

DROP TABLE IF EXISTS `product_in_category`;

CREATE TABLE `product_in_category` (
  `product_id` int(11) NOT NULL,
  `category_id` int(11) NOT NULL,
  `user_id` int(11) DEFAULT NULL,
  `order` int(2) DEFAULT NULL,
  KEY `product_id` (`product_id`),
  CONSTRAINT `product_in_category_ibfk_1` FOREIGN KEY (`product_id`) REFERENCES `product` (`id`) ON DELETE CASCADE
) ENGINE=InnoDB DEFAULT CHARSET=utf8;

/*Data for the table `product_in_category` */

insert  into `product_in_category`(`product_id`,`category_id`,`user_id`,`order`) values (36,87,101,NULL),(36,20,101,NULL),(36,73,101,NULL),(37,19,101,NULL),(38,20,101,NULL),(38,73,101,NULL),(38,87,101,NULL),(40,19,96,NULL),(40,103,96,NULL),(40,104,96,NULL),(40,109,96,NULL),(45,19,96,NULL),(45,20,96,NULL),(45,73,96,NULL),(46,19,102,NULL),(46,20,102,NULL),(46,55,102,NULL),(48,20,103,NULL),(48,73,103,NULL),(48,80,103,NULL),(49,19,102,NULL),(49,20,102,NULL),(49,98,102,NULL);

/*Table structure for table `product_in_store` */

DROP TABLE IF EXISTS `product_in_store`;

CREATE TABLE `product_in_store` (
  `id` int(11) unsigned zerofill NOT NULL,
  `pro_id` int(11) DEFAULT NULL,
  `user_id` int(11) DEFAULT NULL,
  `store_id` int(11) DEFAULT NULL,
  `s_category_id` int(11) NOT NULL,
  PRIMARY KEY (`id`)
) ENGINE=InnoDB DEFAULT CHARSET=utf8;

/*Data for the table `product_in_store` */

/*Table structure for table `product_service_type` */

DROP TABLE IF EXISTS `product_service_type`;

CREATE TABLE `product_service_type` (
  `id` int(11) NOT NULL AUTO_INCREMENT,
  `name` varchar(100) DEFAULT NULL,
  PRIMARY KEY (`id`)
) ENGINE=InnoDB AUTO_INCREMENT=5 DEFAULT CHARSET=utf8;

/*Data for the table `product_service_type` */

insert  into `product_service_type`(`id`,`name`) values (1,'sell'),(2,'Buy'),(3,'Rent'),(4,'Hot Promotion');

/*Table structure for table `product_transfer_type` */

DROP TABLE IF EXISTS `product_transfer_type`;

CREATE TABLE `product_transfer_type` (
  `ptt_id` int(11) NOT NULL AUTO_INCREMENT,
  `name_en` varchar(255) DEFAULT NULL,
  `name_km` varchar(255) DEFAULT NULL,
  PRIMARY KEY (`ptt_id`)
) ENGINE=InnoDB AUTO_INCREMENT=6 DEFAULT CHARSET=utf8;

/*Data for the table `product_transfer_type` */

insert  into `product_transfer_type`(`ptt_id`,`name_en`,`name_km`) values (1,'Sale','លក់'),(2,'Buy','ទិញ'),(3,'Rent',NULL),(4,'Monthly Pay',NULL),(5,'Hot Promotion',NULL);

/*Table structure for table `province` */

DROP TABLE IF EXISTS `province`;

CREATE TABLE `province` (
  `province_id` int(11) NOT NULL AUTO_INCREMENT,
  `province_name_en` varchar(255) DEFAULT NULL,
  `province_ordering` int(11) DEFAULT NULL,
  `province_lat_long` varchar(100) DEFAULT NULL,
  `province_name_km` varchar(255) DEFAULT NULL,
  PRIMARY KEY (`province_id`)
) ENGINE=InnoDB AUTO_INCREMENT=26 DEFAULT CHARSET=utf8;

/*Data for the table `province` */

insert  into `province`(`province_id`,`province_name_en`,`province_ordering`,`province_lat_long`,`province_name_km`) values (1,'Phnom Penh',1,'11.578925,104.920006',NULL),(2,'Rattanak Kiri',2,'13.915406,107.099762',NULL),(3,'Mondul Kiri',3,'12.846616,107.110748',NULL),(4,'Siem Reap',4,'13.369788,103.864224',NULL),(5,'Preah Sihanouk',5,'10.752366,103.776627',NULL),(6,'Stung Treng',6,'13.648656,105.973663',NULL),(7,'Kratie',7,'12.910875,105.96817',NULL),(8,'Preah Vihear',8,'14.072645,104.850311',NULL),(9,'Kampot',9,'10.763159,104.380875',NULL),(10,'Kep',10,'10.545196,104.355984',NULL),(11,'Koh Kong',11,'11.722167,103.358459',NULL),(12,'Kampong Thom',12,'12.969766,105.210113',NULL),(13,'Kandal',13,'11.432917,105.122452',NULL),(14,'Takeo',14,'10.960068,104.809341',NULL),(15,'Battambang',15,'13.098205,102.979889',NULL),(16,'Kampong Cham',16,'12.136005,105.679779',NULL),(17,'Kampong Chhnang',17,'12.178965,104.559402',NULL),(18,'Kampong Speu',18,'11.648201,104.391861',NULL),(19,'Pursat',19,'12.436577,103.641815',NULL),(20,'Oddar Meanchey',20,'14.232438,103.633575',NULL),(21,'Pailin',21,'12.922922,102.673302',NULL),(22,'Prey Veng',22,'11.414072,105.502853',NULL),(23,'Svay Rieng',23,'11.182444,105.825577',NULL),(24,'Banteay Meanchey',24,'13.816744,102.90802','បន្ទាយមានជ័យ'),(25,'Tbong Khmum',25,'11.961187, 105.634747',NULL);

/*Table structure for table `s_category` */

DROP TABLE IF EXISTS `s_category`;

CREATE TABLE `s_category` (
  `id` int(11) NOT NULL AUTO_INCREMENT,
  `name_en` varchar(150) DEFAULT NULL,
  `name_km` varchar(200) DEFAULT NULL,
  `m_cat_id` int(11) NOT NULL,
  `m_title` varchar(255) DEFAULT NULL,
  `user_id` int(11) DEFAULT NULL,
  `parent_id` int(11) DEFAULT NULL,
  `order` int(11) DEFAULT NULL,
  `is_publish` int(11) DEFAULT NULL,
  PRIMARY KEY (`id`),
  KEY `fk_user_category` (`user_id`),
  CONSTRAINT `fk_user_category` FOREIGN KEY (`user_id`) REFERENCES `user` (`id`) ON DELETE CASCADE
) ENGINE=InnoDB AUTO_INCREMENT=348 DEFAULT CHARSET=utf8;

/*Data for the table `s_category` */

insert  into `s_category`(`id`,`name_en`,`name_km`,`m_cat_id`,`m_title`,`user_id`,`parent_id`,`order`,`is_publish`) values (340,'Computer Software Network Hardware','Computer Software Network Hardware',20,NULL,103,0,0,1),(341,'Computer-Accessory','Computer-Accessory',73,NULL,103,20,1,1),(342,'Blank Media','Blank Media',80,NULL,103,73,2,1),(343,'Card Reader','Card Reader',87,NULL,103,73,3,1),(344,'Computer-Speaker','Computer-Speaker',94,NULL,103,73,4,1),(345,'Electronic Consumer','Electronic Consumer',103,NULL,103,0,5,1),(346,'Phone','Phone',104,NULL,103,103,6,1),(347,'Ecom','Ecom',109,NULL,103,104,7,1);

/*Table structure for table `s_page` */

DROP TABLE IF EXISTS `s_page`;

CREATE TABLE `s_page` (
  `id` int(11) NOT NULL AUTO_INCREMENT,
  `user_id` int(11) DEFAULT NULL,
  `m_page_id` int(11) DEFAULT NULL,
  `title` varchar(100) DEFAULT NULL,
  `description` text,
  `position` int(1) DEFAULT NULL,
  `order` int(11) DEFAULT NULL,
  `type` varchar(50) DEFAULT 'static',
  `status` int(1) DEFAULT '1',
  PRIMARY KEY (`id`),
  KEY `fk_user_page_id` (`user_id`),
  CONSTRAINT `fk_user_page_id` FOREIGN KEY (`user_id`) REFERENCES `user` (`id`) ON DELETE CASCADE
) ENGINE=InnoDB AUTO_INCREMENT=259 DEFAULT CHARSET=utf8;

/*Data for the table `s_page` */

insert  into `s_page`(`id`,`user_id`,`m_page_id`,`title`,`description`,`position`,`order`,`type`,`status`) values (241,102,7,'Vistor Inormation Box',NULL,100,NULL,'tool_visitor_info',1),(242,102,8,'Member Status Box',NULL,100,NULL,'tool_memeber_status',1),(243,102,2,'New Arrival Products',NULL,1,NULL,'widget',1),(244,102,3,'Hot Promotion Products',NULL,1,NULL,'widget',1),(245,102,4,'Secondhand Products',NULL,1,NULL,'widget',1),(246,102,5,'Monthly Pay  Products',NULL,1,NULL,'widget',1),(247,102,6,'Urgent Sale',NULL,1,NULL,'widget',1),(248,102,NULL,'slideside_status',NULL,0,NULL,'config',1),(249,102,NULL,'fb_like',NULL,100,NULL,'config',0),(250,103,7,'Vistor Inormation Box',NULL,100,NULL,'tool_visitor_info',1),(251,103,8,'Member Status Box',NULL,100,NULL,'tool_memeber_status',1),(252,103,2,'New Arrival Products',NULL,1,NULL,'widget',1),(253,103,3,'Hot Promotion Products',NULL,1,NULL,'widget',1),(254,103,4,'Secondhand Products',NULL,1,NULL,'widget',1),(255,103,5,'Monthly Pay  Products',NULL,1,NULL,'widget',1),(256,103,6,'Urgent Sale',NULL,1,NULL,'widget',1),(257,103,NULL,'slideside_status',NULL,0,NULL,'config',1),(258,103,NULL,'fb_like',NULL,100,NULL,'config',0);

/*Table structure for table `setting` */

DROP TABLE IF EXISTS `setting`;

CREATE TABLE `setting` (
  `id` int(11) NOT NULL AUTO_INCREMENT,
  `setting_value` varchar(200) DEFAULT NULL,
  `setting_type` varchar(200) DEFAULT NULL,
  PRIMARY KEY (`id`)
) ENGINE=InnoDB AUTO_INCREMENT=2 DEFAULT CHARSET=utf8;

/*Data for the table `setting` */

insert  into `setting`(`id`,`setting_value`,`setting_type`) values (1,'10','setting_display_number_slideshow');

/*Table structure for table `slideshow` */

DROP TABLE IF EXISTS `slideshow`;

CREATE TABLE `slideshow` (
  `id` int(11) NOT NULL AUTO_INCREMENT,
  `title` varchar(100) DEFAULT NULL,
  `image` varchar(200) DEFAULT NULL,
  `short_desc` text,
  `description` text,
  `link_url` varchar(200) DEFAULT NULL,
  `status` int(11) DEFAULT '0',
  `product_id` int(11) DEFAULT NULL,
  `advertiser_id` int(11) DEFAULT NULL,
  `created_date` varchar(100) DEFAULT NULL,
  `expire_date` varchar(100) DEFAULT NULL,
  PRIMARY KEY (`id`)
) ENGINE=InnoDB AUTO_INCREMENT=8 DEFAULT CHARSET=utf8;

/*Data for the table `slideshow` */

insert  into `slideshow`(`id`,`title`,`image`,`short_desc`,`description`,`link_url`,`status`,`product_id`,`advertiser_id`,`created_date`,`expire_date`) values (6,'title-updated','1413631121.jpg','title-updated','title-updated','http://psarnetwork.local/admin/create_slideshow-title-updated',1,1,3,'17/11/2014','14/11/2014'),(7,'New Care Arrival','1415712839.png','This is the best time for me This is the best time for me This is the best time for me This is the best time for me This is the best time for me','This is the best time for me This is the best time for me This is the best time for me This is the best time for me This is the best time for me','http://psarnetwork.local/admin/create_slideshow-updated',1,NULL,NULL,'06/11/2014','26/11/2014');

/*Table structure for table `store` */

DROP TABLE IF EXISTS `store`;

CREATE TABLE `store` (
  `id` int(11) NOT NULL AUTO_INCREMENT,
  `user_id` int(11) NOT NULL,
  `sup_id` int(11) DEFAULT NULL,
  `title_en` varchar(100) DEFAULT NULL,
  `title_km` varchar(100) DEFAULT NULL,
  `desc_en` text,
  `desc_km` text,
  `view` int(11) DEFAULT NULL,
  `stair` varchar(100) DEFAULT NULL,
  `image` varchar(100) DEFAULT NULL,
  `sto_url` varchar(250) DEFAULT NULL,
  `sto_banner` varchar(250) DEFAULT NULL,
  `sto_value` text,
  PRIMARY KEY (`id`),
  KEY `fk_user_id` (`user_id`),
  CONSTRAINT `fk_user_id` FOREIGN KEY (`user_id`) REFERENCES `user` (`id`) ON DELETE CASCADE
) ENGINE=InnoDB AUTO_INCREMENT=61 DEFAULT CHARSET=utf8;

/*Data for the table `store` */

insert  into `store`(`id`,`user_id`,`sup_id`,`title_en`,`title_km`,`desc_en`,`desc_km`,`view`,`stair`,`image`,`sto_url`,`sto_banner`,`sto_value`) values (59,102,0,'',NULL,NULL,NULL,NULL,NULL,'','','','{\"layout\":null}'),(60,103,0,'',NULL,NULL,NULL,NULL,NULL,'Web_Development.jpg','','','{\"layout\":null}');

/*Table structure for table `template` */

DROP TABLE IF EXISTS `template`;

CREATE TABLE `template` (
  `tem_id` int(11) NOT NULL AUTO_INCREMENT,
  `tem_name` varchar(100) DEFAULT NULL,
  PRIMARY KEY (`tem_id`)
) ENGINE=InnoDB DEFAULT CHARSET=utf8;

/*Data for the table `template` */

/*Table structure for table `user` */

DROP TABLE IF EXISTS `user`;

CREATE TABLE `user` (
  `id` int(10) NOT NULL AUTO_INCREMENT,
  `name` varchar(50) DEFAULT NULL,
  `email` varchar(255) CHARACTER SET latin1 DEFAULT NULL,
  `password` varchar(100) CHARACTER SET latin1 DEFAULT NULL,
  `password_temp` varchar(100) CHARACTER SET latin1 DEFAULT NULL,
  `status` int(1) DEFAULT '0',
  `create_at` varchar(50) CHARACTER SET latin1 DEFAULT NULL,
  `update_at` varchar(50) CHARACTER SET latin1 DEFAULT NULL,
  `remember_token` varchar(100) DEFAULT NULL,
  `user_type` int(11) NOT NULL,
  `account_type` int(11) DEFAULT NULL,
  `account_role` int(11) DEFAULT NULL,
  `client_type` int(11) DEFAULT NULL,
  `telephone` varchar(50) DEFAULT NULL,
  `address` text,
  `user_name` varchar(255) NOT NULL,
  `province_id` int(11) DEFAULT NULL,
  PRIMARY KEY (`id`)
) ENGINE=InnoDB AUTO_INCREMENT=104 DEFAULT CHARSET=utf8;

/*Data for the table `user` */

insert  into `user`(`id`,`name`,`email`,`password`,`password_temp`,`status`,`create_at`,`update_at`,`remember_token`,`user_type`,`account_type`,`account_role`,`client_type`,`telephone`,`address`,`user_name`,`province_id`) values (2,'KOCH Doeun','doeunkoch@gmail.com','$2y$10$9zwNoGkcOPhycNEP/P2xPuWkXJZmuXlT9rEV2Y.0TxQTsO9NbtlXq',NULL,1,'2014-12-04',NULL,'4PCRCJYWpnIbXyo2fNIDAdXiwkomMwW8eDRQbPqCXCE1tmB4ADFodnUdF8WH',1,NULL,NULL,NULL,'0972793573','Phnom Penh','admin',NULL),(102,'Ronan Thomas','free@gmail.com','8843028fefce50a6de50acdf064ded27',NULL,1,'2015-09-17',NULL,NULL,4,1,1,5,'+711-94-8124283','{\"province\":\"24\",\"disctict\":\"2\",\"g_latitude_longitude\":\"13.666667, 103\"}','',NULL),(103,'Phoebe Sanford','inter@gmail.com','8843028fefce50a6de50acdf064ded27',NULL,1,'2015-09-17',NULL,NULL,4,2,5,2,'+919-88-2651140','{\"province\":\"15\",\"disctict\":\"19\",\"g_latitude_longitude\":\"13.263695, 102.880623\"}','',NULL);

/*Table structure for table `user_banner` */

DROP TABLE IF EXISTS `user_banner`;

CREATE TABLE `user_banner` (
  `ban_id` int(11) NOT NULL AUTO_INCREMENT,
  `ban_title` varchar(250) NOT NULL,
  `ban_cdate` date DEFAULT NULL,
  `ban_enddate` date DEFAULT NULL,
  `ban_status` int(1) NOT NULL DEFAULT '1',
  `ban_image` varchar(100) NOT NULL,
  `ban_store_id` int(11) NOT NULL,
  `ban_position` varchar(100) NOT NULL,
  `ban_link` text,
  PRIMARY KEY (`ban_id`),
  KEY `ban_store_id` (`ban_store_id`),
  CONSTRAINT `ban_store_id` FOREIGN KEY (`ban_store_id`) REFERENCES `store` (`id`) ON DELETE CASCADE
) ENGINE=InnoDB DEFAULT CHARSET=utf8;

/*Data for the table `user_banner` */

/*Table structure for table `user_type` */

DROP TABLE IF EXISTS `user_type`;

CREATE TABLE `user_type` (
  `id` int(11) NOT NULL AUTO_INCREMENT,
  `name` varchar(100) DEFAULT NULL,
  `permission` text,
  PRIMARY KEY (`id`)
) ENGINE=InnoDB AUTO_INCREMENT=7 DEFAULT CHARSET=utf8;

/*Data for the table `user_type` */

insert  into `user_type`(`id`,`name`,`permission`) values (1,'Observer','a:2:{s:6:\"access\";a:45:{i:0;s:23:\"admin/front-end-setting\";i:1;s:27:\"admin/client-user-type-edit\";i:2;s:22:\"admin/client-user-type\";i:3;s:27:\"admin/setting-add-slideshow\";i:4;s:36:\"admin/setting-delete-permission-name\";i:5;s:33:\"admin/setting-add-permission-name\";i:6;s:22:\"admin/back-end-setting\";i:7;s:19:\"admin/edit-category\";i:8;s:17:\"admin/delete-page\";i:9;s:19:\"admin/list-district\";i:10;s:19:\"admin/delete-market\";i:11;s:17:\"admin/edit-market\";i:12;s:19:\"admin/create-market\";i:13;s:13:\"admin/markets\";i:14;s:21:\"admin/status-category\";i:15;s:21:\"admin/delete-category\";i:16;s:17:\"admin/delete-page\";i:17;s:21:\"admin/create-category\";i:18;s:16:\"admin/categories\";i:19;s:26:\"admin/status-advertisement\";i:20;s:26:\"admin/delete-advertisement\";i:21;s:24:\"admin/edit-advertisement\";i:22;s:24:\"admin/list-ads-positions\";i:23;s:26:\"admin/create-advertisement\";i:24;s:20:\"admin/advertisements\";i:25;s:22:\"admin/status-slideshow\";i:26;s:22:\"admin/delete-slideshow\";i:27;s:20:\"admin/edit-slideshow\";i:28;s:16:\"admin/slideshows\";i:29;s:17:\"admin/status-page\";i:30;s:15:\"admin/edit-page\";i:31;s:17:\"admin/create-page\";i:32;s:11:\"admin/pages\";i:33;s:23:\"admin/user-group-delete\";i:34;s:21:\"admin/user-group-edit\";i:35;s:20:\"admin/user-group-add\";i:36;s:16:\"admin/user-group\";i:37;s:15:\"admin/dashboard\";i:38;s:21:\"admin/change-password\";i:39;s:13:\"admin/profile\";i:40;s:12:\"admin/status\";i:41;s:12:\"admin/delete\";i:42;s:10:\"admin/edit\";i:43;s:12:\"admin/create\";i:44;s:11:\"admin/users\";}s:6:\"modify\";a:44:{i:0;s:23:\"admin/front-end-setting\";i:1;s:27:\"admin/client-user-type-edit\";i:2;s:22:\"admin/client-user-type\";i:3;s:27:\"admin/setting-add-slideshow\";i:4;s:36:\"admin/setting-delete-permission-name\";i:5;s:33:\"admin/setting-add-permission-name\";i:6;s:22:\"admin/back-end-setting\";i:7;s:19:\"admin/edit-category\";i:8;s:17:\"admin/delete-page\";i:9;s:19:\"admin/list-district\";i:10;s:19:\"admin/delete-market\";i:11;s:17:\"admin/edit-market\";i:12;s:19:\"admin/create-market\";i:13;s:13:\"admin/markets\";i:14;s:21:\"admin/status-category\";i:15;s:21:\"admin/delete-category\";i:16;s:17:\"admin/delete-page\";i:17;s:21:\"admin/create-category\";i:18;s:16:\"admin/categories\";i:19;s:26:\"admin/status-advertisement\";i:20;s:26:\"admin/delete-advertisement\";i:21;s:24:\"admin/edit-advertisement\";i:22;s:24:\"admin/list-ads-positions\";i:23;s:26:\"admin/create-advertisement\";i:24;s:20:\"admin/advertisements\";i:25;s:22:\"admin/status-slideshow\";i:26;s:22:\"admin/delete-slideshow\";i:27;s:20:\"admin/edit-slideshow\";i:28;s:22:\"admin/create-slideshow\";i:29;s:16:\"admin/slideshows\";i:30;s:17:\"admin/status-page\";i:31;s:15:\"admin/edit-page\";i:32;s:17:\"admin/create-page\";i:33;s:11:\"admin/pages\";i:34;s:23:\"admin/user-group-delete\";i:35;s:21:\"admin/user-group-edit\";i:36;s:20:\"admin/user-group-add\";i:37;s:16:\"admin/user-group\";i:38;s:15:\"admin/dashboard\";i:39;s:12:\"admin/status\";i:40;s:12:\"admin/delete\";i:41;s:10:\"admin/edit\";i:42;s:12:\"admin/create\";i:43;s:11:\"admin/users\";}}'),(2,'Supervisor','a:2:{s:6:\"access\";a:45:{i:0;s:4:\"sfdf\";i:1;s:27:\"admin/client-user-type-edit\";i:2;s:22:\"admin/client-user-type\";i:3;s:27:\"admin/setting-add-slideshow\";i:4;s:36:\"admin/setting-delete-permission-name\";i:5;s:33:\"admin/setting-add-permission-name\";i:6;s:18:\"admin/setting-list\";i:7;s:19:\"admin/edit-category\";i:8;s:17:\"admin/delete-page\";i:9;s:19:\"admin/list-district\";i:10;s:19:\"admin/delete-market\";i:11;s:17:\"admin/edit-market\";i:12;s:19:\"admin/create-market\";i:13;s:13:\"admin/markets\";i:14;s:21:\"admin/status-category\";i:15;s:21:\"admin/delete-category\";i:16;s:17:\"admin/delete-page\";i:17;s:21:\"admin/create-category\";i:18;s:16:\"admin/categories\";i:19;s:26:\"admin/status-advertisement\";i:20;s:26:\"admin/delete-advertisement\";i:21;s:24:\"admin/edit-advertisement\";i:22;s:24:\"admin/list-ads-positions\";i:23;s:26:\"admin/create-advertisement\";i:24;s:20:\"admin/advertisements\";i:25;s:22:\"admin/status-slideshow\";i:26;s:22:\"admin/delete-slideshow\";i:27;s:20:\"admin/edit-slideshow\";i:28;s:16:\"admin/slideshows\";i:29;s:17:\"admin/status-page\";i:30;s:15:\"admin/edit-page\";i:31;s:17:\"admin/create-page\";i:32;s:11:\"admin/pages\";i:33;s:23:\"admin/user-group-delete\";i:34;s:21:\"admin/user-group-edit\";i:35;s:20:\"admin/user-group-add\";i:36;s:16:\"admin/user-group\";i:37;s:15:\"admin/dashboard\";i:38;s:21:\"admin/change-password\";i:39;s:13:\"admin/profile\";i:40;s:12:\"admin/status\";i:41;s:12:\"admin/delete\";i:42;s:10:\"admin/edit\";i:43;s:12:\"admin/create\";i:44;s:11:\"admin/users\";}s:6:\"modify\";a:44:{i:0;s:4:\"sfdf\";i:1;s:27:\"admin/client-user-type-edit\";i:2;s:22:\"admin/client-user-type\";i:3;s:27:\"admin/setting-add-slideshow\";i:4;s:36:\"admin/setting-delete-permission-name\";i:5;s:33:\"admin/setting-add-permission-name\";i:6;s:18:\"admin/setting-list\";i:7;s:19:\"admin/edit-category\";i:8;s:17:\"admin/delete-page\";i:9;s:19:\"admin/list-district\";i:10;s:19:\"admin/delete-market\";i:11;s:17:\"admin/edit-market\";i:12;s:19:\"admin/create-market\";i:13;s:13:\"admin/markets\";i:14;s:21:\"admin/status-category\";i:15;s:21:\"admin/delete-category\";i:16;s:17:\"admin/delete-page\";i:17;s:21:\"admin/create-category\";i:18;s:16:\"admin/categories\";i:19;s:26:\"admin/status-advertisement\";i:20;s:26:\"admin/delete-advertisement\";i:21;s:24:\"admin/edit-advertisement\";i:22;s:24:\"admin/list-ads-positions\";i:23;s:26:\"admin/create-advertisement\";i:24;s:20:\"admin/advertisements\";i:25;s:22:\"admin/status-slideshow\";i:26;s:22:\"admin/delete-slideshow\";i:27;s:20:\"admin/edit-slideshow\";i:28;s:22:\"admin/create-slideshow\";i:29;s:16:\"admin/slideshows\";i:30;s:17:\"admin/status-page\";i:31;s:15:\"admin/edit-page\";i:32;s:17:\"admin/create-page\";i:33;s:11:\"admin/pages\";i:34;s:23:\"admin/user-group-delete\";i:35;s:21:\"admin/user-group-edit\";i:36;s:20:\"admin/user-group-add\";i:37;s:16:\"admin/user-group\";i:38;s:15:\"admin/dashboard\";i:39;s:12:\"admin/status\";i:40;s:12:\"admin/delete\";i:41;s:10:\"admin/edit\";i:42;s:12:\"admin/create\";i:43;s:11:\"admin/users\";}}'),(3,'Watcher','a:2:{s:6:\"access\";a:45:{i:0;s:4:\"sfdf\";i:1;s:27:\"admin/client-user-type-edit\";i:2;s:22:\"admin/client-user-type\";i:3;s:27:\"admin/setting-add-slideshow\";i:4;s:36:\"admin/setting-delete-permission-name\";i:5;s:33:\"admin/setting-add-permission-name\";i:6;s:18:\"admin/setting-list\";i:7;s:19:\"admin/edit-category\";i:8;s:17:\"admin/delete-page\";i:9;s:19:\"admin/list-district\";i:10;s:19:\"admin/delete-market\";i:11;s:17:\"admin/edit-market\";i:12;s:19:\"admin/create-market\";i:13;s:13:\"admin/markets\";i:14;s:21:\"admin/status-category\";i:15;s:21:\"admin/delete-category\";i:16;s:17:\"admin/delete-page\";i:17;s:21:\"admin/create-category\";i:18;s:16:\"admin/categories\";i:19;s:26:\"admin/status-advertisement\";i:20;s:26:\"admin/delete-advertisement\";i:21;s:24:\"admin/edit-advertisement\";i:22;s:24:\"admin/list-ads-positions\";i:23;s:26:\"admin/create-advertisement\";i:24;s:20:\"admin/advertisements\";i:25;s:22:\"admin/status-slideshow\";i:26;s:22:\"admin/delete-slideshow\";i:27;s:20:\"admin/edit-slideshow\";i:28;s:16:\"admin/slideshows\";i:29;s:17:\"admin/status-page\";i:30;s:15:\"admin/edit-page\";i:31;s:17:\"admin/create-page\";i:32;s:11:\"admin/pages\";i:33;s:23:\"admin/user-group-delete\";i:34;s:21:\"admin/user-group-edit\";i:35;s:20:\"admin/user-group-add\";i:36;s:16:\"admin/user-group\";i:37;s:15:\"admin/dashboard\";i:38;s:21:\"admin/change-password\";i:39;s:13:\"admin/profile\";i:40;s:12:\"admin/status\";i:41;s:12:\"admin/delete\";i:42;s:10:\"admin/edit\";i:43;s:12:\"admin/create\";i:44;s:11:\"admin/users\";}s:6:\"modify\";a:44:{i:0;s:4:\"sfdf\";i:1;s:27:\"admin/client-user-type-edit\";i:2;s:22:\"admin/client-user-type\";i:3;s:27:\"admin/setting-add-slideshow\";i:4;s:36:\"admin/setting-delete-permission-name\";i:5;s:33:\"admin/setting-add-permission-name\";i:6;s:18:\"admin/setting-list\";i:7;s:19:\"admin/edit-category\";i:8;s:17:\"admin/delete-page\";i:9;s:19:\"admin/list-district\";i:10;s:19:\"admin/delete-market\";i:11;s:17:\"admin/edit-market\";i:12;s:19:\"admin/create-market\";i:13;s:13:\"admin/markets\";i:14;s:21:\"admin/status-category\";i:15;s:21:\"admin/delete-category\";i:16;s:17:\"admin/delete-page\";i:17;s:21:\"admin/create-category\";i:18;s:16:\"admin/categories\";i:19;s:26:\"admin/status-advertisement\";i:20;s:26:\"admin/delete-advertisement\";i:21;s:24:\"admin/edit-advertisement\";i:22;s:24:\"admin/list-ads-positions\";i:23;s:26:\"admin/create-advertisement\";i:24;s:20:\"admin/advertisements\";i:25;s:22:\"admin/status-slideshow\";i:26;s:22:\"admin/delete-slideshow\";i:27;s:20:\"admin/edit-slideshow\";i:28;s:22:\"admin/create-slideshow\";i:29;s:16:\"admin/slideshows\";i:30;s:17:\"admin/status-page\";i:31;s:15:\"admin/edit-page\";i:32;s:17:\"admin/create-page\";i:33;s:11:\"admin/pages\";i:34;s:23:\"admin/user-group-delete\";i:35;s:21:\"admin/user-group-edit\";i:36;s:20:\"admin/user-group-add\";i:37;s:16:\"admin/user-group\";i:38;s:15:\"admin/dashboard\";i:39;s:12:\"admin/status\";i:40;s:12:\"admin/delete\";i:41;s:10:\"admin/edit\";i:42;s:12:\"admin/create\";i:43;s:11:\"admin/users\";}}'),(4,'client','a:2:{s:6:\"access\";a:45:{i:0;s:4:\"sfdf\";i:1;s:27:\"admin/client-user-type-edit\";i:2;s:22:\"admin/client-user-type\";i:3;s:27:\"admin/setting-add-slideshow\";i:4;s:36:\"admin/setting-delete-permission-name\";i:5;s:33:\"admin/setting-add-permission-name\";i:6;s:18:\"admin/setting-list\";i:7;s:19:\"admin/edit-category\";i:8;s:17:\"admin/delete-page\";i:9;s:19:\"admin/list-district\";i:10;s:19:\"admin/delete-market\";i:11;s:17:\"admin/edit-market\";i:12;s:19:\"admin/create-market\";i:13;s:13:\"admin/markets\";i:14;s:21:\"admin/status-category\";i:15;s:21:\"admin/delete-category\";i:16;s:17:\"admin/delete-page\";i:17;s:21:\"admin/create-category\";i:18;s:16:\"admin/categories\";i:19;s:26:\"admin/status-advertisement\";i:20;s:26:\"admin/delete-advertisement\";i:21;s:24:\"admin/edit-advertisement\";i:22;s:24:\"admin/list-ads-positions\";i:23;s:26:\"admin/create-advertisement\";i:24;s:20:\"admin/advertisements\";i:25;s:22:\"admin/status-slideshow\";i:26;s:22:\"admin/delete-slideshow\";i:27;s:20:\"admin/edit-slideshow\";i:28;s:16:\"admin/slideshows\";i:29;s:17:\"admin/status-page\";i:30;s:15:\"admin/edit-page\";i:31;s:17:\"admin/create-page\";i:32;s:11:\"admin/pages\";i:33;s:23:\"admin/user-group-delete\";i:34;s:21:\"admin/user-group-edit\";i:35;s:20:\"admin/user-group-add\";i:36;s:16:\"admin/user-group\";i:37;s:15:\"admin/dashboard\";i:38;s:21:\"admin/change-password\";i:39;s:13:\"admin/profile\";i:40;s:12:\"admin/status\";i:41;s:12:\"admin/delete\";i:42;s:10:\"admin/edit\";i:43;s:12:\"admin/create\";i:44;s:11:\"admin/users\";}s:6:\"modify\";a:44:{i:0;s:4:\"sfdf\";i:1;s:27:\"admin/client-user-type-edit\";i:2;s:22:\"admin/client-user-type\";i:3;s:27:\"admin/setting-add-slideshow\";i:4;s:36:\"admin/setting-delete-permission-name\";i:5;s:33:\"admin/setting-add-permission-name\";i:6;s:18:\"admin/setting-list\";i:7;s:19:\"admin/edit-category\";i:8;s:17:\"admin/delete-page\";i:9;s:19:\"admin/list-district\";i:10;s:19:\"admin/delete-market\";i:11;s:17:\"admin/edit-market\";i:12;s:19:\"admin/create-market\";i:13;s:13:\"admin/markets\";i:14;s:21:\"admin/status-category\";i:15;s:21:\"admin/delete-category\";i:16;s:17:\"admin/delete-page\";i:17;s:21:\"admin/create-category\";i:18;s:16:\"admin/categories\";i:19;s:26:\"admin/status-advertisement\";i:20;s:26:\"admin/delete-advertisement\";i:21;s:24:\"admin/edit-advertisement\";i:22;s:24:\"admin/list-ads-positions\";i:23;s:26:\"admin/create-advertisement\";i:24;s:20:\"admin/advertisements\";i:25;s:22:\"admin/status-slideshow\";i:26;s:22:\"admin/delete-slideshow\";i:27;s:20:\"admin/edit-slideshow\";i:28;s:22:\"admin/create-slideshow\";i:29;s:16:\"admin/slideshows\";i:30;s:17:\"admin/status-page\";i:31;s:15:\"admin/edit-page\";i:32;s:17:\"admin/create-page\";i:33;s:11:\"admin/pages\";i:34;s:23:\"admin/user-group-delete\";i:35;s:21:\"admin/user-group-edit\";i:36;s:20:\"admin/user-group-add\";i:37;s:16:\"admin/user-group\";i:38;s:15:\"admin/dashboard\";i:39;s:12:\"admin/status\";i:40;s:12:\"admin/delete\";i:41;s:10:\"admin/edit\";i:42;s:12:\"admin/create\";i:43;s:11:\"admin/users\";}}'),(6,'Group Managment','a:1:{s:6:\"access\";a:22:{i:0;s:27:\"admin/client-user-type-edit\";i:1;s:22:\"admin/client-user-type\";i:2;s:27:\"admin/setting-add-slideshow\";i:3;s:36:\"admin/setting-delete-permission-name\";i:4;s:33:\"admin/setting-add-permission-name\";i:5;s:18:\"admin/setting-list\";i:6;s:19:\"admin/edit-category\";i:7;s:17:\"admin/delete-page\";i:8;s:19:\"admin/list-district\";i:9;s:19:\"admin/delete-market\";i:10;s:17:\"admin/edit-market\";i:11;s:19:\"admin/create-market\";i:12;s:13:\"admin/markets\";i:13;s:21:\"admin/status-category\";i:14;s:21:\"admin/delete-category\";i:15;s:17:\"admin/delete-page\";i:16;s:21:\"admin/create-category\";i:17;s:16:\"admin/categories\";i:18;s:26:\"admin/status-advertisement\";i:19;s:26:\"admin/delete-advertisement\";i:20;s:24:\"admin/edit-advertisement\";i:21;s:24:\"admin/list-ads-positions\";}}');

/*!40101 SET SQL_MODE=@OLD_SQL_MODE */;
/*!40014 SET FOREIGN_KEY_CHECKS=@OLD_FOREIGN_KEY_CHECKS */;
/*!40014 SET UNIQUE_CHECKS=@OLD_UNIQUE_CHECKS */;
/*!40111 SET SQL_NOTES=@OLD_SQL_NOTES */;
